{
    "name": "dmcas_roc",
    "revision": 0,
    "order": 0,
    "parameterMap": {
        "_DataRole_": {
            "parameter": "_DataRole_",
            "type": "char",
            "label": "Data Role",
            "length": 10,
            "order": 1,
            "values": [
                "_DataRole_"
            ],
            "preformatted": false
        },
        "_PartInd_": {
            "parameter": "_PartInd_",
            "type": "num",
            "label": "Partition Indicator",
            "length": 8,
            "order": 2,
            "values": [
                "_PartInd_"
            ],
            "preformatted": false
        },
        "_PartInd__f": {
            "parameter": "_PartInd__f",
            "type": "char",
            "label": "Formatted Partition",
            "length": 12,
            "order": 3,
            "values": [
                "_PartInd__f"
            ],
            "preformatted": false
        },
        "_Column_": {
            "parameter": "_Column_",
            "type": "num",
            "label": "Analysis Variable",
            "length": 32,
            "order": 4,
            "values": [
                "_Column_"
            ],
            "preformatted": false
        },
        "_Event_": {
            "parameter": "_Event_",
            "type": "char",
            "label": "Event",
            "length": 8,
            "order": 5,
            "values": [
                "_Event_"
            ],
            "preformatted": false
        },
        "_Cutoff_": {
            "parameter": "_Cutoff_",
            "type": "num",
            "label": "Cutoff",
            "length": 8,
            "order": 6,
            "values": [
                "_Cutoff_"
            ],
            "preformatted": false
        },
        "_Sensitivity_": {
            "parameter": "_Sensitivity_",
            "type": "num",
            "label": "Sensitivity",
            "length": 8,
            "order": 7,
            "values": [
                "_Sensitivity_"
            ],
            "preformatted": false
        },
        "_Specificity_": {
            "parameter": "_Specificity_",
            "type": "num",
            "label": "Specificity",
            "length": 8,
            "order": 8,
            "values": [
                "_Specificity_"
            ],
            "preformatted": false
        },
        "_FPR_": {
            "parameter": "_FPR_",
            "type": "num",
            "label": "False Positive Rate",
            "length": 8,
            "order": 9,
            "values": [
                "_FPR_"
            ],
            "preformatted": false
        },
        "_OneMinusSpecificity_": {
            "parameter": "_OneMinusSpecificity_",
            "type": "num",
            "label": "1 - Specificity",
            "length": 8,
            "order": 10,
            "values": [
                "_OneMinusSpecificity_"
            ],
            "preformatted": false
        }
    },
    "data": [
        {
            "dataMap": {
                "_DataRole_": "TRAIN",
                "_PartInd_": 1,
                "_PartInd__f": "           1",
                "_Column_": "BAD",
                "_Event_": "1",
                "_Cutoff_": 1.0,
                "_Sensitivity_": 0.0,
                "_Specificity_": 1.0,
                "_FPR_": 0.0,
                "_OneMinusSpecificity_": 0.0
            },
            "rowNumber": 1
        },
        {
            "dataMap": {
                "_DataRole_": "TRAIN",
                "_PartInd_": 1,
                "_PartInd__f": "           1",
                "_Column_": "BAD",
                "_Event_": "1",
                "_Cutoff_": 1.0,
                "_Sensitivity_": 0.2864137086903305,
                "_Specificity_": 1.0,
                "_FPR_": 0.0,
                "_OneMinusSpecificity_": 0.0
            },
            "rowNumber": 2
        },
        {
            "dataMap": {
                "_DataRole_": "TRAIN",
                "_PartInd_": 1,
                "_PartInd__f": "           1",
                "_Column_": "BAD",
                "_Event_": "1",
                "_Cutoff_": 0.9,
                "_Sensitivity_": 0.565483476132191,
                "_Specificity_": 1.0,
                "_FPR_": 0.0,
                "_OneMinusSpecificity_": 0.0
            },
            "rowNumber": 3
        },
        {
            "dataMap": {
                "_DataRole_": "TRAIN",
                "_PartInd_": 1,
                "_PartInd__f": "           1",
                "_Column_": "BAD",
                "_Event_": "1",
                "_Cutoff_": 0.8,
                "_Sensitivity_": 0.7894736842105263,
                "_Specificity_": 1.0,
                "_FPR_": 0.0,
                "_OneMinusSpecificity_": 0.0
            },
            "rowNumber": 4
        },
        {
            "dataMap": {
                "_DataRole_": "TRAIN",
                "_PartInd_": 1,
                "_PartInd__f": "           1",
                "_Column_": "BAD",
                "_Event_": "1",
                "_Cutoff_": 0.7,
                "_Sensitivity_": 0.9179926560587516,
                "_Specificity_": 1.0,
                "_FPR_": 0.0,
                "_OneMinusSpecificity_": 0.0
            },
            "rowNumber": 5
        },
        {
            "dataMap": {
                "_DataRole_": "TRAIN",
                "_PartInd_": 1,
                "_PartInd__f": "           1",
                "_Column_": "BAD",
                "_Event_": "1",
                "_Cutoff_": 0.6,
                "_Sensitivity_": 0.9706242350061199,
                "_Specificity_": 1.0,
                "_FPR_": 0.0,
                "_OneMinusSpecificity_": 0.0
            },
            "rowNumber": 6
        },
        {
            "dataMap": {
                "_DataRole_": "TRAIN",
                "_PartInd_": 1,
                "_PartInd__f": "           1",
                "_Column_": "BAD",
                "_Event_": "1",
                "_Cutoff_": 0.5,
                "_Sensitivity_": 0.996328029375765,
                "_Specificity_": 0.9987405541561712,
                "_FPR_": 0.0012594458438287153,
                "_OneMinusSpecificity_": 0.0012594458438287153
            },
            "rowNumber": 7
        },
        {
            "dataMap": {
                "_DataRole_": "TRAIN",
                "_PartInd_": 1,
                "_PartInd__f": "           1",
                "_Column_": "BAD",
                "_Event_": "1",
                "_Cutoff_": 0.4,
                "_Sensitivity_": 0.9987760097919217,
                "_Specificity_": 0.9959068010075567,
                "_FPR_": 0.004093198992443325,
                "_OneMinusSpecificity_": 0.004093198992443325
            },
            "rowNumber": 8
        },
        {
            "dataMap": {
                "_DataRole_": "TRAIN",
                "_PartInd_": 1,
                "_PartInd__f": "           1",
                "_Column_": "BAD",
                "_Event_": "1",
                "_Cutoff_": 0.3,
                "_Sensitivity_": 1.0,
                "_Specificity_": 0.9861460957178841,
                "_FPR_": 0.013853904282115869,
                "_OneMinusSpecificity_": 0.013853904282115869
            },
            "rowNumber": 9
        },
        {
            "dataMap": {
                "_DataRole_": "TRAIN",
                "_PartInd_": 1,
                "_PartInd__f": "           1",
                "_Column_": "BAD",
                "_Event_": "1",
                "_Cutoff_": 0.2,
                "_Sensitivity_": 1.0,
                "_Specificity_": 0.9417506297229219,
                "_FPR_": 0.058249370277078084,
                "_OneMinusSpecificity_": 0.058249370277078084
            },
            "rowNumber": 10
        },
        {
            "dataMap": {
                "_DataRole_": "TRAIN",
                "_PartInd_": 1,
                "_PartInd__f": "           1",
                "_Column_": "BAD",
                "_Event_": "1",
                "_Cutoff_": 0.1,
                "_Sensitivity_": 1.0,
                "_Specificity_": 0.7789672544080605,
                "_FPR_": 0.22103274559193956,
                "_OneMinusSpecificity_": 0.22103274559193956
            },
            "rowNumber": 11
        },
        {
            "dataMap": {
                "_DataRole_": "TRAIN",
                "_PartInd_": 1,
                "_PartInd__f": "           1",
                "_Column_": "BAD",
                "_Event_": "1",
                "_Cutoff_": 0.0,
                "_Sensitivity_": 1.0,
                "_Specificity_": 0.0,
                "_FPR_": 1.0,
                "_OneMinusSpecificity_": 1.0
            },
            "rowNumber": 12
        },
        {
            "dataMap": {
                "_DataRole_": "TEST",
                "_PartInd_": 2,
                "_PartInd__f": "           1",
                "_Column_": "BAD",
                "_Event_": "1",
                "_Cutoff_": 1.0,
                "_Sensitivity_": 0.0,
                "_Specificity_": 1.0,
                "_FPR_": 0.0,
                "_OneMinusSpecificity_": 0.0
            },
            "rowNumber": 13
        },
        {
            "dataMap": {
                "_DataRole_": "TEST",
                "_PartInd_": 2,
                "_PartInd__f": "           1",
                "_Column_": "BAD",
                "_Event_": "1",
                "_Cutoff_": 1.0,
                "_Sensitivity_": 0.06451612903225806,
                "_Specificity_": 1.0,
                "_FPR_": 0.0,
                "_OneMinusSpecificity_": 0.0
            },
            "rowNumber": 14
        },
        {
            "dataMap": {
                "_DataRole_": "TEST",
                "_PartInd_": 2,
                "_PartInd__f": "           1",
                "_Column_": "BAD",
                "_Event_": "1",
                "_Cutoff_": 0.9,
                "_Sensitivity_": 0.18548387096774194,
                "_Specificity_": 1.0,
                "_FPR_": 0.0,
                "_OneMinusSpecificity_": 0.0
            },
            "rowNumber": 15
        },
        {
            "dataMap": {
                "_DataRole_": "TEST",
                "_PartInd_": 2,
                "_PartInd__f": "           1",
                "_Column_": "BAD",
                "_Event_": "1",
                "_Cutoff_": 0.8,
                "_Sensitivity_": 0.3387096774193548,
                "_Specificity_": 0.9987460815047022,
                "_FPR_": 0.0012539184952978057,
                "_OneMinusSpecificity_": 0.0012539184952978057
            },
            "rowNumber": 16
        },
        {
            "dataMap": {
                "_DataRole_": "TEST",
                "_PartInd_": 2,
                "_PartInd__f": "           1",
                "_Column_": "BAD",
                "_Event_": "1",
                "_Cutoff_": 0.7,
                "_Sensitivity_": 0.489247311827957,
                "_Specificity_": 0.9956112852664577,
                "_FPR_": 0.00438871473354232,
                "_OneMinusSpecificity_": 0.00438871473354232
            },
            "rowNumber": 17
        },
        {
            "dataMap": {
                "_DataRole_": "TEST",
                "_PartInd_": 2,
                "_PartInd__f": "           1",
                "_Column_": "BAD",
                "_Event_": "1",
                "_Cutoff_": 0.6,
                "_Sensitivity_": 0.6209677419354839,
                "_Specificity_": 0.9899686520376175,
                "_FPR_": 0.010031347962382446,
                "_OneMinusSpecificity_": 0.010031347962382446
            },
            "rowNumber": 18
        },
        {
            "dataMap": {
                "_DataRole_": "TEST",
                "_PartInd_": 2,
                "_PartInd__f": "           1",
                "_Column_": "BAD",
                "_Event_": "1",
                "_Cutoff_": 0.5,
                "_Sensitivity_": 0.717741935483871,
                "_Specificity_": 0.9780564263322884,
                "_FPR_": 0.0219435736677116,
                "_OneMinusSpecificity_": 0.0219435736677116
            },
            "rowNumber": 19
        },
        {
            "dataMap": {
                "_DataRole_": "TEST",
                "_PartInd_": 2,
                "_PartInd__f": "           1",
                "_Column_": "BAD",
                "_Event_": "1",
                "_Cutoff_": 0.4,
                "_Sensitivity_": 0.8225806451612904,
                "_Specificity_": 0.9579937304075236,
                "_FPR_": 0.04200626959247649,
                "_OneMinusSpecificity_": 0.04200626959247649
            },
            "rowNumber": 20
        },
        {
            "dataMap": {
                "_DataRole_": "TEST",
                "_PartInd_": 2,
                "_PartInd__f": "           1",
                "_Column_": "BAD",
                "_Event_": "1",
                "_Cutoff_": 0.3,
                "_Sensitivity_": 0.8709677419354839,
                "_Specificity_": 0.9172413793103449,
                "_FPR_": 0.08275862068965517,
                "_OneMinusSpecificity_": 0.08275862068965517
            },
            "rowNumber": 21
        },
        {
            "dataMap": {
                "_DataRole_": "TEST",
                "_PartInd_": 2,
                "_PartInd__f": "           1",
                "_Column_": "BAD",
                "_Event_": "1",
                "_Cutoff_": 0.2,
                "_Sensitivity_": 0.9005376344086021,
                "_Specificity_": 0.8482758620689655,
                "_FPR_": 0.15172413793103448,
                "_OneMinusSpecificity_": 0.15172413793103448
            },
            "rowNumber": 22
        },
        {
            "dataMap": {
                "_DataRole_": "TEST",
                "_PartInd_": 2,
                "_PartInd__f": "           1",
                "_Column_": "BAD",
                "_Event_": "1",
                "_Cutoff_": 0.1,
                "_Sensitivity_": 0.9650537634408602,
                "_Specificity_": 0.6294670846394984,
                "_FPR_": 0.3705329153605016,
                "_OneMinusSpecificity_": 0.3705329153605016
            },
            "rowNumber": 23
        },
        {
            "dataMap": {
                "_DataRole_": "TEST",
                "_PartInd_": 2,
                "_PartInd__f": "           1",
                "_Column_": "BAD",
                "_Event_": "1",
                "_Cutoff_": 0.0,
                "_Sensitivity_": 1.0,
                "_Specificity_": 0.0,
                "_FPR_": 1.0,
                "_OneMinusSpecificity_": 1.0
            },
            "rowNumber": 24
        }
    ],
    "version": 1,
    "xInteger": false,
    "yInteger": false
}