{
    "name": "dmcas_roc",
    "revision": 0,
    "order": 0,
    "parameterMap": {
        "_DataRole_": {
            "parameter": "_DataRole_",
            "type": "char",
            "label": "Data Role",
            "length": 10,
            "order": 1,
            "values": [
                "_DataRole_"
            ],
            "preformatted": false
        },
        "_PartInd_": {
            "parameter": "_PartInd_",
            "type": "num",
            "label": "Partition Indicator",
            "length": 8,
            "order": 2,
            "values": [
                "_PartInd_"
            ],
            "preformatted": false
        },
        "_PartInd__f": {
            "parameter": "_PartInd__f",
            "type": "char",
            "label": "Formatted Partition",
            "length": 12,
            "order": 3,
            "values": [
                "_PartInd__f"
            ],
            "preformatted": false
        },
        "_Column_": {
            "parameter": "_Column_",
            "type": "num",
            "label": "Analysis Variable",
            "length": 32,
            "order": 4,
            "values": [
                "_Column_"
            ],
            "preformatted": false
        },
        "_Event_": {
            "parameter": "_Event_",
            "type": "char",
            "label": "Event",
            "length": 8,
            "order": 5,
            "values": [
                "_Event_"
            ],
            "preformatted": false
        },
        "_Cutoff_": {
            "parameter": "_Cutoff_",
            "type": "num",
            "label": "Cutoff",
            "length": 8,
            "order": 6,
            "values": [
                "_Cutoff_"
            ],
            "preformatted": false
        },
        "_Sensitivity_": {
            "parameter": "_Sensitivity_",
            "type": "num",
            "label": "Sensitivity",
            "length": 8,
            "order": 7,
            "values": [
                "_Sensitivity_"
            ],
            "preformatted": false
        },
        "_Specificity_": {
            "parameter": "_Specificity_",
            "type": "num",
            "label": "Specificity",
            "length": 8,
            "order": 8,
            "values": [
                "_Specificity_"
            ],
            "preformatted": false
        },
        "_FPR_": {
            "parameter": "_FPR_",
            "type": "num",
            "label": "False Positive Rate",
            "length": 8,
            "order": 9,
            "values": [
                "_FPR_"
            ],
            "preformatted": false
        },
        "_OneMinusSpecificity_": {
            "parameter": "_OneMinusSpecificity_",
            "type": "num",
            "label": "1 - Specificity",
            "length": 8,
            "order": 10,
            "values": [
                "_OneMinusSpecificity_"
            ],
            "preformatted": false
        }
    },
    "data": [
        {
            "dataMap": {
                "_DataRole_": "TRAIN",
                "_PartInd_": 1,
                "_PartInd__f": "           1",
                "_Column_": "BAD",
                "_Event_": "1",
                "_Cutoff_": 1.0,
                "_Sensitivity_": 0.0,
                "_Specificity_": 1.0,
                "_FPR_": 0.0,
                "_OneMinusSpecificity_": 0.0
            },
            "rowNumber": 1
        },
        {
            "dataMap": {
                "_DataRole_": "TRAIN",
                "_PartInd_": 1,
                "_PartInd__f": "           1",
                "_Column_": "BAD",
                "_Event_": "1",
                "_Cutoff_": 1.0,
                "_Sensitivity_": 0.28518971848225216,
                "_Specificity_": 1.0,
                "_FPR_": 0.0,
                "_OneMinusSpecificity_": 0.0
            },
            "rowNumber": 2
        },
        {
            "dataMap": {
                "_DataRole_": "TRAIN",
                "_PartInd_": 1,
                "_PartInd__f": "           1",
                "_Column_": "BAD",
                "_Event_": "1",
                "_Cutoff_": 0.9,
                "_Sensitivity_": 0.5618115055079559,
                "_Specificity_": 1.0,
                "_FPR_": 0.0,
                "_OneMinusSpecificity_": 0.0
            },
            "rowNumber": 3
        },
        {
            "dataMap": {
                "_DataRole_": "TRAIN",
                "_PartInd_": 1,
                "_PartInd__f": "           1",
                "_Column_": "BAD",
                "_Event_": "1",
                "_Cutoff_": 0.8,
                "_Sensitivity_": 0.7600979192166463,
                "_Specificity_": 1.0,
                "_FPR_": 0.0,
                "_OneMinusSpecificity_": 0.0
            },
            "rowNumber": 4
        },
        {
            "dataMap": {
                "_DataRole_": "TRAIN",
                "_PartInd_": 1,
                "_PartInd__f": "           1",
                "_Column_": "BAD",
                "_Event_": "1",
                "_Cutoff_": 0.7,
                "_Sensitivity_": 0.8959608323133414,
                "_Specificity_": 1.0,
                "_FPR_": 0.0,
                "_OneMinusSpecificity_": 0.0
            },
            "rowNumber": 5
        },
        {
            "dataMap": {
                "_DataRole_": "TRAIN",
                "_PartInd_": 1,
                "_PartInd__f": "           1",
                "_Column_": "BAD",
                "_Event_": "1",
                "_Cutoff_": 0.6,
                "_Sensitivity_": 0.9645042839657283,
                "_Specificity_": 1.0,
                "_FPR_": 0.0,
                "_OneMinusSpecificity_": 0.0
            },
            "rowNumber": 6
        },
        {
            "dataMap": {
                "_DataRole_": "TRAIN",
                "_PartInd_": 1,
                "_PartInd__f": "           1",
                "_Column_": "BAD",
                "_Event_": "1",
                "_Cutoff_": 0.5,
                "_Sensitivity_": 0.9914320685434517,
                "_Specificity_": 0.9993702770780857,
                "_FPR_": 0.0006297229219143577,
                "_OneMinusSpecificity_": 0.0006297229219143577
            },
            "rowNumber": 7
        },
        {
            "dataMap": {
                "_DataRole_": "TRAIN",
                "_PartInd_": 1,
                "_PartInd__f": "           1",
                "_Column_": "BAD",
                "_Event_": "1",
                "_Cutoff_": 0.4,
                "_Sensitivity_": 1.0,
                "_Specificity_": 0.9962216624685138,
                "_FPR_": 0.003778337531486146,
                "_OneMinusSpecificity_": 0.003778337531486146
            },
            "rowNumber": 8
        },
        {
            "dataMap": {
                "_DataRole_": "TRAIN",
                "_PartInd_": 1,
                "_PartInd__f": "           1",
                "_Column_": "BAD",
                "_Event_": "1",
                "_Cutoff_": 0.3,
                "_Sensitivity_": 1.0,
                "_Specificity_": 0.9807934508816121,
                "_FPR_": 0.01920654911838791,
                "_OneMinusSpecificity_": 0.01920654911838791
            },
            "rowNumber": 9
        },
        {
            "dataMap": {
                "_DataRole_": "TRAIN",
                "_PartInd_": 1,
                "_PartInd__f": "           1",
                "_Column_": "BAD",
                "_Event_": "1",
                "_Cutoff_": 0.2,
                "_Sensitivity_": 1.0,
                "_Specificity_": 0.9404911838790933,
                "_FPR_": 0.0595088161209068,
                "_OneMinusSpecificity_": 0.0595088161209068
            },
            "rowNumber": 10
        },
        {
            "dataMap": {
                "_DataRole_": "TRAIN",
                "_PartInd_": 1,
                "_PartInd__f": "           1",
                "_Column_": "BAD",
                "_Event_": "1",
                "_Cutoff_": 0.1,
                "_Sensitivity_": 1.0,
                "_Specificity_": 0.7943954659949622,
                "_FPR_": 0.20560453400503778,
                "_OneMinusSpecificity_": 0.20560453400503778
            },
            "rowNumber": 11
        },
        {
            "dataMap": {
                "_DataRole_": "TRAIN",
                "_PartInd_": 1,
                "_PartInd__f": "           1",
                "_Column_": "BAD",
                "_Event_": "1",
                "_Cutoff_": 0.0,
                "_Sensitivity_": 1.0,
                "_Specificity_": 0.0,
                "_FPR_": 1.0,
                "_OneMinusSpecificity_": 1.0
            },
            "rowNumber": 12
        },
        {
            "dataMap": {
                "_DataRole_": "TEST",
                "_PartInd_": 2,
                "_PartInd__f": "           1",
                "_Column_": "BAD",
                "_Event_": "1",
                "_Cutoff_": 1.0,
                "_Sensitivity_": 0.0,
                "_Specificity_": 1.0,
                "_FPR_": 0.0,
                "_OneMinusSpecificity_": 0.0
            },
            "rowNumber": 13
        },
        {
            "dataMap": {
                "_DataRole_": "TEST",
                "_PartInd_": 2,
                "_PartInd__f": "           1",
                "_Column_": "BAD",
                "_Event_": "1",
                "_Cutoff_": 1.0,
                "_Sensitivity_": 0.06451612903225806,
                "_Specificity_": 1.0,
                "_FPR_": 0.0,
                "_OneMinusSpecificity_": 0.0
            },
            "rowNumber": 14
        },
        {
            "dataMap": {
                "_DataRole_": "TEST",
                "_PartInd_": 2,
                "_PartInd__f": "           1",
                "_Column_": "BAD",
                "_Event_": "1",
                "_Cutoff_": 0.9,
                "_Sensitivity_": 0.16129032258064516,
                "_Specificity_": 1.0,
                "_FPR_": 0.0,
                "_OneMinusSpecificity_": 0.0
            },
            "rowNumber": 15
        },
        {
            "dataMap": {
                "_DataRole_": "TEST",
                "_PartInd_": 2,
                "_PartInd__f": "           1",
                "_Column_": "BAD",
                "_Event_": "1",
                "_Cutoff_": 0.8,
                "_Sensitivity_": 0.3064516129032258,
                "_Specificity_": 0.9993730407523511,
                "_FPR_": 0.0006269592476489029,
                "_OneMinusSpecificity_": 0.0006269592476489029
            },
            "rowNumber": 16
        },
        {
            "dataMap": {
                "_DataRole_": "TEST",
                "_PartInd_": 2,
                "_PartInd__f": "           1",
                "_Column_": "BAD",
                "_Event_": "1",
                "_Cutoff_": 0.7,
                "_Sensitivity_": 0.47043010752688175,
                "_Specificity_": 0.9949843260188088,
                "_FPR_": 0.005015673981191223,
                "_OneMinusSpecificity_": 0.005015673981191223
            },
            "rowNumber": 17
        },
        {
            "dataMap": {
                "_DataRole_": "TEST",
                "_PartInd_": 2,
                "_PartInd__f": "           1",
                "_Column_": "BAD",
                "_Event_": "1",
                "_Cutoff_": 0.6,
                "_Sensitivity_": 0.6155913978494624,
                "_Specificity_": 0.9887147335423198,
                "_FPR_": 0.01128526645768025,
                "_OneMinusSpecificity_": 0.01128526645768025
            },
            "rowNumber": 18
        },
        {
            "dataMap": {
                "_DataRole_": "TEST",
                "_PartInd_": 2,
                "_PartInd__f": "           1",
                "_Column_": "BAD",
                "_Event_": "1",
                "_Cutoff_": 0.5,
                "_Sensitivity_": 0.7096774193548387,
                "_Specificity_": 0.9786833855799373,
                "_FPR_": 0.021316614420062698,
                "_OneMinusSpecificity_": 0.021316614420062698
            },
            "rowNumber": 19
        },
        {
            "dataMap": {
                "_DataRole_": "TEST",
                "_PartInd_": 2,
                "_PartInd__f": "           1",
                "_Column_": "BAD",
                "_Event_": "1",
                "_Cutoff_": 0.4,
                "_Sensitivity_": 0.7983870967741935,
                "_Specificity_": 0.9554858934169279,
                "_FPR_": 0.0445141065830721,
                "_OneMinusSpecificity_": 0.0445141065830721
            },
            "rowNumber": 20
        },
        {
            "dataMap": {
                "_DataRole_": "TEST",
                "_PartInd_": 2,
                "_PartInd__f": "           1",
                "_Column_": "BAD",
                "_Event_": "1",
                "_Cutoff_": 0.3,
                "_Sensitivity_": 0.8870967741935484,
                "_Specificity_": 0.9072100313479624,
                "_FPR_": 0.09278996865203762,
                "_OneMinusSpecificity_": 0.09278996865203762
            },
            "rowNumber": 21
        },
        {
            "dataMap": {
                "_DataRole_": "TEST",
                "_PartInd_": 2,
                "_PartInd__f": "           1",
                "_Column_": "BAD",
                "_Event_": "1",
                "_Cutoff_": 0.2,
                "_Sensitivity_": 0.9408602150537635,
                "_Specificity_": 0.8188087774294671,
                "_FPR_": 0.1811912225705329,
                "_OneMinusSpecificity_": 0.1811912225705329
            },
            "rowNumber": 22
        },
        {
            "dataMap": {
                "_DataRole_": "TEST",
                "_PartInd_": 2,
                "_PartInd__f": "           1",
                "_Column_": "BAD",
                "_Event_": "1",
                "_Cutoff_": 0.1,
                "_Sensitivity_": 0.978494623655914,
                "_Specificity_": 0.6231974921630095,
                "_FPR_": 0.3768025078369906,
                "_OneMinusSpecificity_": 0.3768025078369906
            },
            "rowNumber": 23
        },
        {
            "dataMap": {
                "_DataRole_": "TEST",
                "_PartInd_": 2,
                "_PartInd__f": "           1",
                "_Column_": "BAD",
                "_Event_": "1",
                "_Cutoff_": 0.0,
                "_Sensitivity_": 1.0,
                "_Specificity_": 0.0,
                "_FPR_": 1.0,
                "_OneMinusSpecificity_": 1.0
            },
            "rowNumber": 24
        }
    ],
    "version": 1,
    "xInteger": false,
    "yInteger": false
}