{
    "name": "dmcas_lift",
    "revision": 0,
    "order": 0,
    "parameterMap": {
        "_DataRole_": {
            "parameter": "_DataRole_",
            "type": "char",
            "label": "Data Role",
            "length": 10,
            "order": 1,
            "values": [
                "_DataRole_"
            ],
            "preformatted": false
        },
        "_PartInd_": {
            "parameter": "_PartInd_",
            "type": "num",
            "label": "Partition Indicator",
            "length": 8,
            "order": 2,
            "values": [
                "_PartInd_"
            ],
            "preformatted": false
        },
        "_PartInd__f": {
            "parameter": "_PartInd__f",
            "type": "char",
            "label": "Formatted Partition",
            "length": 12,
            "order": 3,
            "values": [
                "_PartInd__f"
            ],
            "preformatted": false
        },
        "_Column_": {
            "parameter": "_Column_",
            "type": "char",
            "label": "Analysis Variable",
            "length": 32,
            "order": 4,
            "values": [
                "_Column_"
            ],
            "preformatted": false
        },
        "_Event_": {
            "parameter": "_Event_",
            "type": "char",
            "label": "Event",
            "length": 8,
            "order": 5,
            "values": [
                "_Event_"
            ],
            "preformatted": false
        },
        "_Depth_": {
            "parameter": "_Depth_",
            "type": "num",
            "label": "Depth",
            "length": 8,
            "order": 7,
            "values": [
                "_Depth_"
            ],
            "preformatted": false
        },
        "_NObs_": {
            "parameter": "_NObs_",
            "type": "num",
            "label": "Sum of Frequencies",
            "length": 8,
            "order": 8,
            "values": [
                "_NObs_"
            ],
            "preformatted": false
        },
        "_Gain_": {
            "parameter": "_Gain_",
            "type": "num",
            "label": "Gain",
            "length": 8,
            "order": 9,
            "values": [
                "_Gain_"
            ],
            "preformatted": false
        },
        "_Resp_": {
            "parameter": "_Resp_",
            "type": "num",
            "label": "% Captured Response",
            "length": 8,
            "order": 10,
            "values": [
                "_Resp_"
            ],
            "preformatted": false
        },
        "_CumResp_": {
            "parameter": "_CumResp_",
            "type": "num",
            "label": "Cumulative % Captured Response",
            "length": 8,
            "order": 11,
            "values": [
                "_CumResp_"
            ],
            "preformatted": false
        },
        "_PctResp_": {
            "parameter": "_PctResp_",
            "type": "num",
            "label": "% Response",
            "length": 8,
            "order": 12,
            "values": [
                "_PctResp_"
            ],
            "preformatted": false
        },
        "_CumPctResp_": {
            "parameter": "_CumPctResp_",
            "type": "num",
            "label": "Cumulative % Response",
            "length": 8,
            "order": 13,
            "values": [
                "_CumPctResp_"
            ],
            "preformatted": false
        },
        "_Lift_": {
            "parameter": "_Lift_",
            "type": "num",
            "label": "Lift",
            "length": 8,
            "order": 14,
            "values": [
                "_Lift_"
            ],
            "preformatted": false
        },
        "_CumLift_": {
            "parameter": "_CumLift_",
            "type": "num",
            "label": "Cumulative Lift",
            "length": 8,
            "order": 15,
            "values": [
                "_CumLift_"
            ],
            "preformatted": false
        }
    },
    "data": [
        {
            "dataMap": {
                "_DataRole_": "TRAIN",
                "_PartInd_": 1,
                "_PartInd__f": "           1",
                "_Column_": "BAD",
                "_Event_": "1",
                "_Depth_": 5.860255447032307,
                "_NObs_": 234,
                "_Gain_": 234,
                "_Resp_": 28.888888888888886,
                "_CumResp_": 28.888888888888886,
                "_PctResp_": 100.0,
                "_CumPctResp_": 100.0,
                "_Lift_": 4.92962962962963,
                "_CumLift_": 4.92962962962963
            },
            "rowNumber": 1
        },
        {
            "dataMap": {
                "_DataRole_": "TRAIN",
                "_PartInd_": 1,
                "_PartInd__f": "           1",
                "_Column_": "BAD",
                "_Event_": "1",
                "_Depth_": 19.709491610318057,
                "_NObs_": 553,
                "_Gain_": 550,
                "_Resp_": 67.90123456790124,
                "_CumResp_": 96.79012345679013,
                "_PctResp_": 99.45750452079565,
                "_CumPctResp_": 99.61880559085134,
                "_Lift_": 4.902886611747371,
                "_CumLift_": 4.910838157089746
            },
            "rowNumber": 2
        },
        {
            "dataMap": {
                "_DataRole_": "TRAIN",
                "_PartInd_": 1,
                "_PartInd__f": "           1",
                "_Column_": "BAD",
                "_Event_": "1",
                "_Depth_": 25.870272977710997,
                "_NObs_": 246,
                "_Gain_": 26,
                "_Resp_": 3.2098765432098766,
                "_CumResp_": 100.0,
                "_PctResp_": 10.569105691056912,
                "_CumPctResp_": 78.41239109390126,
                "_Lift_": 0.521017765733213,
                "_CumLift_": 3.8654404646660216
            },
            "rowNumber": 3
        },
        {
            "dataMap": {
                "_DataRole_": "TRAIN",
                "_PartInd_": 1,
                "_PartInd__f": "           1",
                "_Column_": "BAD",
                "_Event_": "1",
                "_Depth_": 37.991485098923114,
                "_NObs_": 484,
                "_Gain_": 0,
                "_Resp_": 0.0,
                "_CumResp_": 100.0,
                "_PctResp_": 0.0,
                "_CumPctResp_": 53.39485827290705,
                "_Lift_": 0.0,
                "_CumLift_": 2.6321687541199736
            },
            "rowNumber": 4
        },
        {
            "dataMap": {
                "_DataRole_": "TRAIN",
                "_PartInd_": 1,
                "_PartInd__f": "           1",
                "_Column_": "BAD",
                "_Event_": "1",
                "_Depth_": 100.0,
                "_NObs_": 2476,
                "_Gain_": 0,
                "_Resp_": 0.0,
                "_CumResp_": 100.0,
                "_PctResp_": 0.0,
                "_CumPctResp_": 20.2854996243426,
                "_Lift_": 0.0,
                "_CumLift_": 1.0
            },
            "rowNumber": 5
        },
        {
            "dataMap": {
                "_DataRole_": "TEST",
                "_PartInd_": 2,
                "_PartInd__f": "           2",
                "_Column_": "BAD",
                "_Event_": "1",
                "_Depth_": 7.015760040671072,
                "_NObs_": 138,
                "_Gain_": 133,
                "_Resp_": 35.09234828496042,
                "_CumResp_": 35.09234828496042,
                "_PctResp_": 96.37681159420289,
                "_CumPctResp_": 96.37681159420289,
                "_Lift_": 5.001931092501242,
                "_CumLift_": 5.001931092501242
            },
            "rowNumber": 6
        },
        {
            "dataMap": {
                "_DataRole_": "TEST",
                "_PartInd_": 2,
                "_PartInd__f": "           2",
                "_Column_": "BAD",
                "_Event_": "1",
                "_Depth_": 17.386883579054395,
                "_NObs_": 204,
                "_Gain_": 148,
                "_Resp_": 39.050131926121374,
                "_CumResp_": 74.14248021108179,
                "_PctResp_": 72.54901960784314,
                "_CumPctResp_": 82.16374269005848,
                "_Lift_": 3.7652749754255264,
                "_CumLift_": 4.264276566526254
            },
            "rowNumber": 7
        },
        {
            "dataMap": {
                "_DataRole_": "TEST",
                "_PartInd_": 2,
                "_PartInd__f": "           2",
                "_Column_": "BAD",
                "_Event_": "1",
                "_Depth_": 26.182003050330454,
                "_NObs_": 173,
                "_Gain_": 57,
                "_Resp_": 15.03957783641161,
                "_CumResp_": 89.18205804749341,
                "_PctResp_": 32.947976878612714,
                "_CumPctResp_": 65.63106796116504,
                "_Lift_": 1.7099913066024066,
                "_CumLift_": 3.4062351102799906
            },
            "rowNumber": 8
        },
        {
            "dataMap": {
                "_DataRole_": "TEST",
                "_PartInd_": 2,
                "_PartInd__f": "           2",
                "_Column_": "BAD",
                "_Event_": "1",
                "_Depth_": 33.24860193187595,
                "_NObs_": 139,
                "_Gain_": 17,
                "_Resp_": 4.485488126649076,
                "_CumResp_": 93.66754617414247,
                "_PctResp_": 12.23021582733813,
                "_CumPctResp_": 54.28134556574924,
                "_Lift_": 0.6347449744689737,
                "_CumLift_": 2.817187512607619
            },
            "rowNumber": 9
        },
        {
            "dataMap": {
                "_DataRole_": "TEST",
                "_PartInd_": 2,
                "_PartInd__f": "           2",
                "_Column_": "BAD",
                "_Event_": "1",
                "_Depth_": 50.78800203355364,
                "_NObs_": 345,
                "_Gain_": 13,
                "_Resp_": 3.430079155672823,
                "_CumResp_": 97.0976253298153,
                "_PctResp_": 3.768115942028986,
                "_CumPctResp_": 36.83683683683684,
                "_Lift_": 0.19556422316546215,
                "_CumLift_": 1.911822112349817
            },
            "rowNumber": 10
        },
        {
            "dataMap": {
                "_DataRole_": "TEST",
                "_PartInd_": 2,
                "_PartInd__f": "           2",
                "_Column_": "BAD",
                "_Event_": "1",
                "_Depth_": 100.0,
                "_NObs_": 968,
                "_Gain_": 11,
                "_Resp_": 2.9023746701846966,
                "_CumResp_": 100.0,
                "_PctResp_": 1.1363636363636365,
                "_CumPctResp_": 19.267920691408236,
                "_Lift_": 0.058976972895178705,
                "_CumLift_": 1.0
            },
            "rowNumber": 11
        }
    ],
    "version": 1,
    "xInteger": false,
    "yInteger": false
}