{
  "name": "dmcas_fitstat",
  "revision": 0,
  "order": 0,
  "parameterMap": {
    "_DataRole_": {
      "parameter": "_DataRole_",
      "type": "char",
      "label": "Data Role",
      "length": 10,
      "order": 1,
      "values": [
        "_DataRole_"
      ],
      "preformatted": false
    },
    "_PartInd_": {
      "parameter": "_PartInd_",
      "type": "num",
      "label": "Partition Indicator",
      "length": 8,
      "order": 2,
      "values": [
        "_PartInd_"
      ],
      "preformatted": false
    },
    "_PartInd__f": {
      "parameter": "_PartInd__f",
      "type": "char",
      "label": "Formatted Partition",
      "length": 12,
      "order": 3,
      "values": [
        "_PartInd__f"
      ],
      "preformatted": false
    },
    "_NObs_": {
      "parameter": "_NObs_",
      "type": "num",
      "label": "Sum of Frequencies",
      "length": 8,
      "order": 4,
      "values": [
        "_NObs_"
      ],
      "preformatted": false
    },
    "_ASE_": {
      "parameter": "_ASE_",
      "type": "num",
      "label": "Average Squared Error",
      "length": 8,
      "order": 5,
      "values": [
        "_ASE_"
      ],
      "preformatted": false
    },
    "_RASE_": {
      "parameter": "_RASE_",
      "type": "num",
      "label": "Root Average Squared Error",
      "length": 8,
      "order": 7,
      "values": [
        "_RASE_"
      ],
      "preformatted": false
    },
    "_MCE_": {
      "parameter": "_MCE_",
      "type": "num",
      "label": "Misclassification Error",
      "length": 8,
      "order": 8,
      "values": [
        "_MCE_"
      ],
      "preformatted": false
    },
    "_GINI_": {
      "parameter": "_GINI_",
      "type": "num",
      "label": "Gini coefficient",
      "length": 8,
      "order": 10,
      "values": [
        "_GINI_"
      ],
      "preformatted": false
    },
    "_MCLL_": {
      "parameter": "_MCLL_",
      "type": "num",
      "label": "Multiclass log loss",
      "length": 8,
      "order": 10,
      "values": [
        "_MCLL_"
      ],
      "preformatted": false
    },
    "_KS_": {
      "parameter": "_KS_",
      "type": "num",
      "label": "Kolmogorov-Smirnov coefficient",
      "length": 8,
      "order": 10,
      "values": [
        "_KS_"
      ],
      "preformatted": false
    },
    "_C_": {
      "parameter": "_C_",
      "type": "num",
      "label": "Area Under Curve",
      "length": 8,
      "order": 10,
      "values": [
        "_C_"
      ],
      "preformatted": false
    },
    "_DIV_": {
      "parameter": "_DIV_",
      "type": "num",
      "label": "Divisor for ASE",
      "length": 8,
      "order": 6,
      "values": [
        "_DIV_"
      ],
      "preformatted": false
    },
    "_TAU_": {
      "parameter": "_TAU_",
      "type": "num",
      "label": "TAU coefficient",
      "length": 8,
      "order": 6,
      "values": [
        "_TAU_"
      ],
      "preformatted": false
    }
  },
  "data": [
    {
      "dataMap": {
        "_DataRole_": "TRAIN",
        "_PartInd_": "1",
        "_PartInd__f": "           1",
        "_NObs_": "3993",
        "_ASE_": "0.10818933132982719",
        "_RASE_": "0.32892146681210577",
        "_MCE_": "0.10818933132982722",
        "_GINI_": "0.7777614875321441",
        "_MCLL_": "3.7367948075464117",
        "_KS_": "0.0",
        "_C_": "0.8888807437660721",
        "_DIV_": "3993",
        "_TAU_": "0.7095567970347972"
      },
      "rowNumber": "1",
      "header": "null"
    },
    {
      "dataMap": {
        "_DataRole_": "TEST",
        "_PartInd_": "2",
        "_PartInd__f": "           2",
        "_NObs_": "1967",
        "_ASE_": "0.12099644128113879",
        "_RASE_": "0.3478454272822036",
        "_MCE_": "0.12099644128113884",
        "_GINI_": "0.7135275782085961",
        "_MCLL_": "4.179138136020273",
        "_KS_": "0.0",
        "_C_": "0.8567637891042981",
        "_DIV_": "1967",
        "_TAU_": "0.654747237317252"
      },
      "rowNumber": "2",
      "header": "null"
    }
  ],
  "version": 1,
  "xInteger": false,
  "yInteger": false
}