{
    "name": "dmcas_roc",
    "revision": 0,
    "order": 0,
    "parameterMap": {
        "_DataRole_": {
            "parameter": "_DataRole_",
            "type": "char",
            "label": "Data Role",
            "length": 10,
            "order": 1,
            "values": [
                "_DataRole_"
            ],
            "preformatted": false
        },
        "_PartInd_": {
            "parameter": "_PartInd_",
            "type": "num",
            "label": "Partition Indicator",
            "length": 8,
            "order": 2,
            "values": [
                "_PartInd_"
            ],
            "preformatted": false
        },
        "_PartInd__f": {
            "parameter": "_PartInd__f",
            "type": "char",
            "label": "Formatted Partition",
            "length": 12,
            "order": 3,
            "values": [
                "_PartInd__f"
            ],
            "preformatted": false
        },
        "_Column_": {
            "parameter": "_Column_",
            "type": "num",
            "label": "Analysis Variable",
            "length": 32,
            "order": 4,
            "values": [
                "_Column_"
            ],
            "preformatted": false
        },
        "_Event_": {
            "parameter": "_Event_",
            "type": "char",
            "label": "Event",
            "length": 8,
            "order": 5,
            "values": [
                "_Event_"
            ],
            "preformatted": false
        },
        "_Cutoff_": {
            "parameter": "_Cutoff_",
            "type": "num",
            "label": "Cutoff",
            "length": 8,
            "order": 6,
            "values": [
                "_Cutoff_"
            ],
            "preformatted": false
        },
        "_Sensitivity_": {
            "parameter": "_Sensitivity_",
            "type": "num",
            "label": "Sensitivity",
            "length": 8,
            "order": 7,
            "values": [
                "_Sensitivity_"
            ],
            "preformatted": false
        },
        "_Specificity_": {
            "parameter": "_Specificity_",
            "type": "num",
            "label": "Specificity",
            "length": 8,
            "order": 8,
            "values": [
                "_Specificity_"
            ],
            "preformatted": false
        },
        "_FPR_": {
            "parameter": "_FPR_",
            "type": "num",
            "label": "False Positive Rate",
            "length": 8,
            "order": 9,
            "values": [
                "_FPR_"
            ],
            "preformatted": false
        },
        "_OneMinusSpecificity_": {
            "parameter": "_OneMinusSpecificity_",
            "type": "num",
            "label": "1 - Specificity",
            "length": 8,
            "order": 10,
            "values": [
                "_OneMinusSpecificity_"
            ],
            "preformatted": false
        }
    },
    "data": [
        {
            "dataMap": {
                "_DataRole_": "TRAIN",
                "_PartInd_": 1,
                "_PartInd__f": "           1",
                "_Column_": "BAD",
                "_Event_": "1",
                "_Cutoff_": 1.0,
                "_Sensitivity_": 0.0,
                "_Specificity_": 1.0,
                "_FPR_": 0.0,
                "_OneMinusSpecificity_": 0.0
            },
            "rowNumber": 1
        },
        {
            "dataMap": {
                "_DataRole_": "TRAIN",
                "_PartInd_": 1,
                "_PartInd__f": "           1",
                "_Column_": "BAD",
                "_Event_": "1",
                "_Cutoff_": 1.0,
                "_Sensitivity_": 0.22592592592592592,
                "_Specificity_": 1.0,
                "_FPR_": 0.0,
                "_OneMinusSpecificity_": 0.0
            },
            "rowNumber": 2
        },
        {
            "dataMap": {
                "_DataRole_": "TRAIN",
                "_PartInd_": 1,
                "_PartInd__f": "           1",
                "_Column_": "BAD",
                "_Event_": "1",
                "_Cutoff_": 0.9,
                "_Sensitivity_": 0.5160493827160494,
                "_Specificity_": 1.0,
                "_FPR_": 0.0,
                "_OneMinusSpecificity_": 0.0
            },
            "rowNumber": 3
        },
        {
            "dataMap": {
                "_DataRole_": "TRAIN",
                "_PartInd_": 1,
                "_PartInd__f": "           1",
                "_Column_": "BAD",
                "_Event_": "1",
                "_Cutoff_": 0.8,
                "_Sensitivity_": 0.7691358024691358,
                "_Specificity_": 1.0,
                "_FPR_": 0.0,
                "_OneMinusSpecificity_": 0.0
            },
            "rowNumber": 4
        },
        {
            "dataMap": {
                "_DataRole_": "TRAIN",
                "_PartInd_": 1,
                "_PartInd__f": "           1",
                "_Column_": "BAD",
                "_Event_": "1",
                "_Cutoff_": 0.7,
                "_Sensitivity_": 0.9123456790123456,
                "_Specificity_": 1.0,
                "_FPR_": 0.0,
                "_OneMinusSpecificity_": 0.0
            },
            "rowNumber": 5
        },
        {
            "dataMap": {
                "_DataRole_": "TRAIN",
                "_PartInd_": 1,
                "_PartInd__f": "           1",
                "_Column_": "BAD",
                "_Event_": "1",
                "_Cutoff_": 0.6,
                "_Sensitivity_": 0.9530864197530864,
                "_Specificity_": 1.0,
                "_FPR_": 0.0,
                "_OneMinusSpecificity_": 0.0
            },
            "rowNumber": 6
        },
        {
            "dataMap": {
                "_DataRole_": "TRAIN",
                "_PartInd_": 1,
                "_PartInd__f": "           1",
                "_Column_": "BAD",
                "_Event_": "1",
                "_Cutoff_": 0.5,
                "_Sensitivity_": 0.9864197530864197,
                "_Specificity_": 0.9984291548853284,
                "_FPR_": 0.0015708451146716933,
                "_OneMinusSpecificity_": 0.0015708451146716933
            },
            "rowNumber": 7
        },
        {
            "dataMap": {
                "_DataRole_": "TRAIN",
                "_PartInd_": 1,
                "_PartInd__f": "           1",
                "_Column_": "BAD",
                "_Event_": "1",
                "_Cutoff_": 0.4,
                "_Sensitivity_": 1.0,
                "_Specificity_": 0.9937166195413132,
                "_FPR_": 0.006283380458686773,
                "_OneMinusSpecificity_": 0.006283380458686773
            },
            "rowNumber": 8
        },
        {
            "dataMap": {
                "_DataRole_": "TRAIN",
                "_PartInd_": 1,
                "_PartInd__f": "           1",
                "_Column_": "BAD",
                "_Event_": "1",
                "_Cutoff_": 0.3,
                "_Sensitivity_": 1.0,
                "_Specificity_": 0.974866478165253,
                "_FPR_": 0.025133521834747093,
                "_OneMinusSpecificity_": 0.025133521834747093
            },
            "rowNumber": 9
        },
        {
            "dataMap": {
                "_DataRole_": "TRAIN",
                "_PartInd_": 1,
                "_PartInd__f": "           1",
                "_Column_": "BAD",
                "_Event_": "1",
                "_Cutoff_": 0.2,
                "_Sensitivity_": 1.0,
                "_Specificity_": 0.9333961671379202,
                "_FPR_": 0.0666038328620798,
                "_OneMinusSpecificity_": 0.0666038328620798
            },
            "rowNumber": 10
        },
        {
            "dataMap": {
                "_DataRole_": "TRAIN",
                "_PartInd_": 1,
                "_PartInd__f": "           1",
                "_Column_": "BAD",
                "_Event_": "1",
                "_Cutoff_": 0.1,
                "_Sensitivity_": 1.0,
                "_Specificity_": 0.7907634307257304,
                "_FPR_": 0.20923656927426956,
                "_OneMinusSpecificity_": 0.20923656927426956
            },
            "rowNumber": 11
        },
        {
            "dataMap": {
                "_DataRole_": "TRAIN",
                "_PartInd_": 1,
                "_PartInd__f": "           1",
                "_Column_": "BAD",
                "_Event_": "1",
                "_Cutoff_": 0.0,
                "_Sensitivity_": 1.0,
                "_Specificity_": 0.0,
                "_FPR_": 1.0,
                "_OneMinusSpecificity_": 1.0
            },
            "rowNumber": 12
        },
        {
            "dataMap": {
                "_DataRole_": "TEST",
                "_PartInd_": 2,
                "_PartInd__f": "           1",
                "_Column_": "BAD",
                "_Event_": "1",
                "_Cutoff_": 1.0,
                "_Sensitivity_": 0.0,
                "_Specificity_": 1.0,
                "_FPR_": 0.0,
                "_OneMinusSpecificity_": 0.0
            },
            "rowNumber": 13
        },
        {
            "dataMap": {
                "_DataRole_": "TEST",
                "_PartInd_": 2,
                "_PartInd__f": "           1",
                "_Column_": "BAD",
                "_Event_": "1",
                "_Cutoff_": 1.0,
                "_Sensitivity_": 0.044854881266490766,
                "_Specificity_": 1.0,
                "_FPR_": 0.0,
                "_OneMinusSpecificity_": 0.0
            },
            "rowNumber": 14
        },
        {
            "dataMap": {
                "_DataRole_": "TEST",
                "_PartInd_": 2,
                "_PartInd__f": "           1",
                "_Column_": "BAD",
                "_Event_": "1",
                "_Cutoff_": 0.9,
                "_Sensitivity_": 0.17150395778364116,
                "_Specificity_": 1.0,
                "_FPR_": 0.0,
                "_OneMinusSpecificity_": 0.0
            },
            "rowNumber": 15
        },
        {
            "dataMap": {
                "_DataRole_": "TEST",
                "_PartInd_": 2,
                "_PartInd__f": "           1",
                "_Column_": "BAD",
                "_Event_": "1",
                "_Cutoff_": 0.8,
                "_Sensitivity_": 0.33773087071240104,
                "_Specificity_": 0.9974811083123426,
                "_FPR_": 0.0025188916876574307,
                "_OneMinusSpecificity_": 0.0025188916876574307
            },
            "rowNumber": 16
        },
        {
            "dataMap": {
                "_DataRole_": "TEST",
                "_PartInd_": 2,
                "_PartInd__f": "           1",
                "_Column_": "BAD",
                "_Event_": "1",
                "_Cutoff_": 0.7,
                "_Sensitivity_": 0.49868073878627966,
                "_Specificity_": 0.993073047858942,
                "_FPR_": 0.0069269521410579345,
                "_OneMinusSpecificity_": 0.0069269521410579345
            },
            "rowNumber": 17
        },
        {
            "dataMap": {
                "_DataRole_": "TEST",
                "_PartInd_": 2,
                "_PartInd__f": "           1",
                "_Column_": "BAD",
                "_Event_": "1",
                "_Cutoff_": 0.6,
                "_Sensitivity_": 0.6279683377308707,
                "_Specificity_": 0.9880352644836272,
                "_FPR_": 0.011964735516372796,
                "_OneMinusSpecificity_": 0.011964735516372796
            },
            "rowNumber": 18
        },
        {
            "dataMap": {
                "_DataRole_": "TEST",
                "_PartInd_": 2,
                "_PartInd__f": "           1",
                "_Column_": "BAD",
                "_Event_": "1",
                "_Cutoff_": 0.5,
                "_Sensitivity_": 0.7361477572559367,
                "_Specificity_": 0.9748110831234257,
                "_FPR_": 0.02518891687657431,
                "_OneMinusSpecificity_": 0.02518891687657431
            },
            "rowNumber": 19
        },
        {
            "dataMap": {
                "_DataRole_": "TEST",
                "_PartInd_": 2,
                "_PartInd__f": "           1",
                "_Column_": "BAD",
                "_Event_": "1",
                "_Cutoff_": 0.4,
                "_Sensitivity_": 0.820580474934037,
                "_Specificity_": 0.9559193954659949,
                "_FPR_": 0.04408060453400504,
                "_OneMinusSpecificity_": 0.04408060453400504
            },
            "rowNumber": 20
        },
        {
            "dataMap": {
                "_DataRole_": "TEST",
                "_PartInd_": 2,
                "_PartInd__f": "           1",
                "_Column_": "BAD",
                "_Event_": "1",
                "_Cutoff_": 0.3,
                "_Sensitivity_": 0.8733509234828496,
                "_Specificity_": 0.9149874055415617,
                "_FPR_": 0.08501259445843828,
                "_OneMinusSpecificity_": 0.08501259445843828
            },
            "rowNumber": 21
        },
        {
            "dataMap": {
                "_DataRole_": "TEST",
                "_PartInd_": 2,
                "_PartInd__f": "           1",
                "_Column_": "BAD",
                "_Event_": "1",
                "_Cutoff_": 0.2,
                "_Sensitivity_": 0.9182058047493403,
                "_Specificity_": 0.8369017632241813,
                "_FPR_": 0.16309823677581864,
                "_OneMinusSpecificity_": 0.16309823677581864
            },
            "rowNumber": 22
        },
        {
            "dataMap": {
                "_DataRole_": "TEST",
                "_PartInd_": 2,
                "_PartInd__f": "           1",
                "_Column_": "BAD",
                "_Event_": "1",
                "_Cutoff_": 0.1,
                "_Sensitivity_": 0.9604221635883905,
                "_Specificity_": 0.6171284634760705,
                "_FPR_": 0.38287153652392947,
                "_OneMinusSpecificity_": 0.38287153652392947
            },
            "rowNumber": 23
        },
        {
            "dataMap": {
                "_DataRole_": "TEST",
                "_PartInd_": 2,
                "_PartInd__f": "           1",
                "_Column_": "BAD",
                "_Event_": "1",
                "_Cutoff_": 0.0,
                "_Sensitivity_": 1.0,
                "_Specificity_": 0.0,
                "_FPR_": 1.0,
                "_OneMinusSpecificity_": 1.0
            },
            "rowNumber": 24
        }
    ],
    "version": 1,
    "xInteger": false,
    "yInteger": false
}