{
    "name": "dmcas_lift",
    "revision": 0,
    "order": 0,
    "parameterMap": {
        "_DataRole_": {
            "parameter": "_DataRole_",
            "type": "char",
            "label": "Data Role",
            "length": 10,
            "order": 1,
            "values": [
                "_DataRole_"
            ],
            "preformatted": false
        },
        "_PartInd_": {
            "parameter": "_PartInd_",
            "type": "num",
            "label": "Partition Indicator",
            "length": 8,
            "order": 2,
            "values": [
                "_PartInd_"
            ],
            "preformatted": false
        },
        "_PartInd__f": {
            "parameter": "_PartInd__f",
            "type": "char",
            "label": "Formatted Partition",
            "length": 12,
            "order": 3,
            "values": [
                "_PartInd__f"
            ],
            "preformatted": false
        },
        "_Column_": {
            "parameter": "_Column_",
            "type": "char",
            "label": "Analysis Variable",
            "length": 32,
            "order": 4,
            "values": [
                "_Column_"
            ],
            "preformatted": false
        },
        "_Event_": {
            "parameter": "_Event_",
            "type": "char",
            "label": "Event",
            "length": 8,
            "order": 5,
            "values": [
                "_Event_"
            ],
            "preformatted": false
        },
        "_Depth_": {
            "parameter": "_Depth_",
            "type": "num",
            "label": "Depth",
            "length": 8,
            "order": 7,
            "values": [
                "_Depth_"
            ],
            "preformatted": false
        },
        "_NObs_": {
            "parameter": "_NObs_",
            "type": "num",
            "label": "Sum of Frequencies",
            "length": 8,
            "order": 8,
            "values": [
                "_NObs_"
            ],
            "preformatted": false
        },
        "_Gain_": {
            "parameter": "_Gain_",
            "type": "num",
            "label": "Gain",
            "length": 8,
            "order": 9,
            "values": [
                "_Gain_"
            ],
            "preformatted": false
        },
        "_Resp_": {
            "parameter": "_Resp_",
            "type": "num",
            "label": "% Captured Response",
            "length": 8,
            "order": 10,
            "values": [
                "_Resp_"
            ],
            "preformatted": false
        },
        "_CumResp_": {
            "parameter": "_CumResp_",
            "type": "num",
            "label": "Cumulative % Captured Response",
            "length": 8,
            "order": 11,
            "values": [
                "_CumResp_"
            ],
            "preformatted": false
        },
        "_PctResp_": {
            "parameter": "_PctResp_",
            "type": "num",
            "label": "% Response",
            "length": 8,
            "order": 12,
            "values": [
                "_PctResp_"
            ],
            "preformatted": false
        },
        "_CumPctResp_": {
            "parameter": "_CumPctResp_",
            "type": "num",
            "label": "Cumulative % Response",
            "length": 8,
            "order": 13,
            "values": [
                "_CumPctResp_"
            ],
            "preformatted": false
        },
        "_Lift_": {
            "parameter": "_Lift_",
            "type": "num",
            "label": "Lift",
            "length": 8,
            "order": 14,
            "values": [
                "_Lift_"
            ],
            "preformatted": false
        },
        "_CumLift_": {
            "parameter": "_CumLift_",
            "type": "num",
            "label": "Cumulative Lift",
            "length": 8,
            "order": 15,
            "values": [
                "_CumLift_"
            ],
            "preformatted": false
        }
    },
    "data": [
        {
            "dataMap": {
                "_DataRole_": "TRAIN",
                "_PartInd_": 1,
                "_PartInd__f": "           1",
                "_Column_": "BAD",
                "_Event_": "1",
                "_Depth_": 5.584773353368395,
                "_NObs_": 223,
                "_Gain_": 223,
                "_Resp_": 27.530864197530864,
                "_CumResp_": 27.530864197530864,
                "_PctResp_": 100.0,
                "_CumPctResp_": 100.0,
                "_Lift_": 4.92962962962963,
                "_CumLift_": 4.92962962962963
            },
            "rowNumber": 1
        },
        {
            "dataMap": {
                "_DataRole_": "TRAIN",
                "_PartInd_": 1,
                "_PartInd__f": "           1",
                "_Column_": "BAD",
                "_Event_": "1",
                "_Depth_": 19.659403956924617,
                "_NObs_": 562,
                "_Gain_": 561,
                "_Resp_": 69.25925925925925,
                "_CumResp_": 96.79012345679013,
                "_PctResp_": 99.8220640569395,
                "_CumPctResp_": 99.87261146496816,
                "_Lift_": 4.920858046658759,
                "_CumLift_": 4.923349846661949
            },
            "rowNumber": 2
        },
        {
            "dataMap": {
                "_DataRole_": "TRAIN",
                "_PartInd_": 1,
                "_PartInd__f": "           1",
                "_Column_": "BAD",
                "_Event_": "1",
                "_Depth_": 25.694966190833963,
                "_NObs_": 241,
                "_Gain_": 26,
                "_Resp_": 3.2098765432098766,
                "_CumResp_": 100.0,
                "_PctResp_": 10.78838174273859,
                "_CumPctResp_": 78.94736842105263,
                "_Lift_": 0.531827262947595,
                "_CumLift_": 3.891812865497076
            },
            "rowNumber": 3
        },
        {
            "dataMap": {
                "_DataRole_": "TRAIN",
                "_PartInd_": 1,
                "_PartInd__f": "           1",
                "_Column_": "BAD",
                "_Event_": "1",
                "_Depth_": 36.86451289757075,
                "_NObs_": 446,
                "_Gain_": 0,
                "_Resp_": 0.0,
                "_CumResp_": 100.0,
                "_PctResp_": 0.0,
                "_CumPctResp_": 55.027173913043484,
                "_Lift_": 0.0,
                "_CumLift_": 2.7126358695652177
            },
            "rowNumber": 4
        },
        {
            "dataMap": {
                "_DataRole_": "TRAIN",
                "_PartInd_": 1,
                "_PartInd__f": "           1",
                "_Column_": "BAD",
                "_Event_": "1",
                "_Depth_": 100.0,
                "_NObs_": 2521,
                "_Gain_": 0,
                "_Resp_": 0.0,
                "_CumResp_": 100.0,
                "_PctResp_": 0.0,
                "_CumPctResp_": 20.2854996243426,
                "_Lift_": 0.0,
                "_CumLift_": 1.0
            },
            "rowNumber": 5
        },
        {
            "dataMap": {
                "_DataRole_": "TEST",
                "_PartInd_": 2,
                "_PartInd__f": "           2",
                "_Column_": "BAD",
                "_Event_": "1",
                "_Depth_": 7.422470767666497,
                "_NObs_": 146,
                "_Gain_": 144,
                "_Resp_": 37.994722955145114,
                "_CumResp_": 37.994722955145114,
                "_PctResp_": 98.63013698630137,
                "_CumPctResp_": 98.63013698630137,
                "_Lift_": 5.118878085806195,
                "_CumLift_": 5.118878085806195
            },
            "rowNumber": 6
        },
        {
            "dataMap": {
                "_DataRole_": "TEST",
                "_PartInd_": 2,
                "_PartInd__f": "           2",
                "_Column_": "BAD",
                "_Event_": "1",
                "_Depth_": 19.827147941026947,
                "_NObs_": 244,
                "_Gain_": 170,
                "_Resp_": 44.854881266490764,
                "_CumResp_": 82.84960422163589,
                "_PctResp_": 69.67213114754098,
                "_CumPctResp_": 80.51282051282051,
                "_Lift_": 3.615965223409317,
                "_CumLift_": 4.178594141127123
            },
            "rowNumber": 7
        },
        {
            "dataMap": {
                "_DataRole_": "TEST",
                "_PartInd_": 2,
                "_PartInd__f": "           2",
                "_Column_": "BAD",
                "_Event_": "1",
                "_Depth_": 25.165226232841892,
                "_NObs_": 105,
                "_Gain_": 27,
                "_Resp_": 7.12401055408971,
                "_CumResp_": 89.9736147757256,
                "_PctResp_": 25.71428571428571,
                "_CumPctResp_": 68.88888888888889,
                "_Lift_": 1.3345646437994723,
                "_CumLift_": 3.5753151568455
            },
            "rowNumber": 8
        },
        {
            "dataMap": {
                "_DataRole_": "TEST",
                "_PartInd_": 2,
                "_PartInd__f": "           2",
                "_Column_": "BAD",
                "_Event_": "1",
                "_Depth_": 32.38434163701068,
                "_NObs_": 142,
                "_Gain_": 13,
                "_Resp_": 3.430079155672823,
                "_CumResp_": 93.40369393139841,
                "_PctResp_": 9.15492957746479,
                "_CumPctResp_": 55.57299843014128,
                "_Lift_": 0.4751384295217214,
                "_CumLift_": 2.8842239554640607
            },
            "rowNumber": 9
        },
        {
            "dataMap": {
                "_DataRole_": "TEST",
                "_PartInd_": 2,
                "_PartInd__f": "           2",
                "_Column_": "BAD",
                "_Event_": "1",
                "_Depth_": 49.97458057956279,
                "_NObs_": 346,
                "_Gain_": 12,
                "_Resp_": 3.16622691292876,
                "_CumResp_": 96.56992084432717,
                "_PctResp_": 3.4682080924855487,
                "_CumPctResp_": 37.23296032553408,
                "_Lift_": 0.17999908490551647,
                "_CumLift_": 1.9323808168951329
            },
            "rowNumber": 10
        },
        {
            "dataMap": {
                "_DataRole_": "TEST",
                "_PartInd_": 2,
                "_PartInd__f": "           2",
                "_Column_": "BAD",
                "_Event_": "1",
                "_Depth_": 100.0,
                "_NObs_": 984,
                "_Gain_": 13,
                "_Resp_": 3.430079155672823,
                "_CumResp_": 100.0,
                "_PctResp_": 1.321138211382114,
                "_CumPctResp_": 19.267920691408236,
                "_Lift_": 0.06856672458545167,
                "_CumLift_": 1.0
            },
            "rowNumber": 11
        }
    ],
    "version": 1,
    "xInteger": false,
    "yInteger": false
}