{
    "name": "dmcas_lift",
    "revision": 0,
    "order": 0,
    "parameterMap": {
        "_DataRole_": {
            "parameter": "_DataRole_",
            "type": "char",
            "label": "Data Role",
            "length": 10,
            "order": 1,
            "values": [
                "_DataRole_"
            ],
            "preformatted": false
        },
        "_PartInd_": {
            "parameter": "_PartInd_",
            "type": "num",
            "label": "Partition Indicator",
            "length": 8,
            "order": 2,
            "values": [
                "_PartInd_"
            ],
            "preformatted": false
        },
        "_PartInd__f": {
            "parameter": "_PartInd__f",
            "type": "char",
            "label": "Formatted Partition",
            "length": 12,
            "order": 3,
            "values": [
                "_PartInd__f"
            ],
            "preformatted": false
        },
        "_Column_": {
            "parameter": "_Column_",
            "type": "char",
            "label": "Analysis Variable",
            "length": 32,
            "order": 4,
            "values": [
                "_Column_"
            ],
            "preformatted": false
        },
        "_Event_": {
            "parameter": "_Event_",
            "type": "char",
            "label": "Event",
            "length": 8,
            "order": 5,
            "values": [
                "_Event_"
            ],
            "preformatted": false
        },
        "_Depth_": {
            "parameter": "_Depth_",
            "type": "num",
            "label": "Depth",
            "length": 8,
            "order": 7,
            "values": [
                "_Depth_"
            ],
            "preformatted": false
        },
        "_NObs_": {
            "parameter": "_NObs_",
            "type": "num",
            "label": "Sum of Frequencies",
            "length": 8,
            "order": 8,
            "values": [
                "_NObs_"
            ],
            "preformatted": false
        },
        "_Gain_": {
            "parameter": "_Gain_",
            "type": "num",
            "label": "Gain",
            "length": 8,
            "order": 9,
            "values": [
                "_Gain_"
            ],
            "preformatted": false
        },
        "_Resp_": {
            "parameter": "_Resp_",
            "type": "num",
            "label": "% Captured Response",
            "length": 8,
            "order": 10,
            "values": [
                "_Resp_"
            ],
            "preformatted": false
        },
        "_CumResp_": {
            "parameter": "_CumResp_",
            "type": "num",
            "label": "Cumulative % Captured Response",
            "length": 8,
            "order": 11,
            "values": [
                "_CumResp_"
            ],
            "preformatted": false
        },
        "_PctResp_": {
            "parameter": "_PctResp_",
            "type": "num",
            "label": "% Response",
            "length": 8,
            "order": 12,
            "values": [
                "_PctResp_"
            ],
            "preformatted": false
        },
        "_CumPctResp_": {
            "parameter": "_CumPctResp_",
            "type": "num",
            "label": "Cumulative % Response",
            "length": 8,
            "order": 13,
            "values": [
                "_CumPctResp_"
            ],
            "preformatted": false
        },
        "_Lift_": {
            "parameter": "_Lift_",
            "type": "num",
            "label": "Lift",
            "length": 8,
            "order": 14,
            "values": [
                "_Lift_"
            ],
            "preformatted": false
        },
        "_CumLift_": {
            "parameter": "_CumLift_",
            "type": "num",
            "label": "Cumulative Lift",
            "length": 8,
            "order": 15,
            "values": [
                "_CumLift_"
            ],
            "preformatted": false
        }
    },
    "data": [
        {
            "dataMap": {
                "_DataRole_": "TRAIN",
                "_PartInd_": 1,
                "_PartInd__f": "           1",
                "_Column_": "BAD",
                "_Event_": "1",
                "_Depth_": 5.209115952917606,
                "_NObs_": 208,
                "_Gain_": 208,
                "_Resp_": 25.679012345679013,
                "_CumResp_": 25.679012345679013,
                "_PctResp_": 100.0,
                "_CumPctResp_": 100.0,
                "_Lift_": 4.92962962962963,
                "_CumLift_": 4.92962962962963
            },
            "rowNumber": 1
        },
        {
            "dataMap": {
                "_DataRole_": "TRAIN",
                "_PartInd_": 1,
                "_PartInd__f": "           1",
                "_Column_": "BAD",
                "_Event_": "1",
                "_Depth_": 19.634360130227897,
                "_NObs_": 576,
                "_Gain_": 575,
                "_Resp_": 70.98765432098766,
                "_CumResp_": 96.66666666666667,
                "_PctResp_": 99.82638888888889,
                "_CumPctResp_": 99.87244897959184,
                "_Lift_": 4.921071244855967,
                "_CumLift_": 4.923341836734694
            },
            "rowNumber": 2
        },
        {
            "dataMap": {
                "_DataRole_": "TRAIN",
                "_PartInd_": 1,
                "_PartInd__f": "           1",
                "_Column_": "BAD",
                "_Event_": "1",
                "_Depth_": 25.093914350112694,
                "_NObs_": 218,
                "_Gain_": 27,
                "_Resp_": 3.3333333333333335,
                "_CumResp_": 100.0,
                "_PctResp_": 12.385321100917432,
                "_CumPctResp_": 80.83832335329342,
                "_Lift_": 0.6105504587155964,
                "_CumLift_": 3.985029940119761
            },
            "rowNumber": 3
        },
        {
            "dataMap": {
                "_DataRole_": "TRAIN",
                "_PartInd_": 1,
                "_PartInd__f": "           1",
                "_Column_": "BAD",
                "_Event_": "1",
                "_Depth_": 35.41197094916103,
                "_NObs_": 412,
                "_Gain_": 0,
                "_Resp_": 0.0,
                "_CumResp_": 100.0,
                "_PctResp_": 0.0,
                "_CumPctResp_": 57.28429985855728,
                "_Lift_": 0.0,
                "_CumLift_": 2.823903818953324
            },
            "rowNumber": 4
        },
        {
            "dataMap": {
                "_DataRole_": "TRAIN",
                "_PartInd_": 1,
                "_PartInd__f": "           1",
                "_Column_": "BAD",
                "_Event_": "1",
                "_Depth_": 100.0,
                "_NObs_": 2579,
                "_Gain_": 0,
                "_Resp_": 0.0,
                "_CumResp_": 100.0,
                "_PctResp_": 0.0,
                "_CumPctResp_": 20.2854996243426,
                "_Lift_": 0.0,
                "_CumLift_": 1.0
            },
            "rowNumber": 5
        },
        {
            "dataMap": {
                "_DataRole_": "TEST",
                "_PartInd_": 2,
                "_PartInd__f": "           2",
                "_Column_": "BAD",
                "_Event_": "1",
                "_Depth_": 9.40518556176919,
                "_NObs_": 185,
                "_Gain_": 172,
                "_Resp_": 45.382585751978894,
                "_CumResp_": 45.382585751978894,
                "_PctResp_": 92.97297297297298,
                "_CumPctResp_": 92.97297297297298,
                "_Lift_": 4.8252727661698644,
                "_CumLift_": 4.8252727661698644
            },
            "rowNumber": 6
        },
        {
            "dataMap": {
                "_DataRole_": "TEST",
                "_PartInd_": 2,
                "_PartInd__f": "           2",
                "_Column_": "BAD",
                "_Event_": "1",
                "_Depth_": 19.87798678190137,
                "_NObs_": 206,
                "_Gain_": 134,
                "_Resp_": 35.35620052770449,
                "_CumResp_": 80.73878627968337,
                "_PctResp_": 65.0485436893204,
                "_CumPctResp_": 78.26086956521739,
                "_Lift_": 3.376002254271589,
                "_CumLift_": 4.061718481128829
            },
            "rowNumber": 7
        },
        {
            "dataMap": {
                "_DataRole_": "TEST",
                "_PartInd_": 2,
                "_PartInd__f": "           2",
                "_Column_": "BAD",
                "_Event_": "1",
                "_Depth_": 24.453482460599897,
                "_NObs_": 90,
                "_Gain_": 29,
                "_Resp_": 7.651715039577836,
                "_CumResp_": 88.39050131926122,
                "_PctResp_": 32.22222222222222,
                "_CumPctResp_": 69.64656964656965,
                "_Lift_": 1.6723248314277337,
                "_CumLift_": 3.614638588253364
            },
            "rowNumber": 8
        },
        {
            "dataMap": {
                "_DataRole_": "TEST",
                "_PartInd_": 2,
                "_PartInd__f": "           2",
                "_Column_": "BAD",
                "_Event_": "1",
                "_Depth_": 32.13014743263854,
                "_NObs_": 151,
                "_Gain_": 22,
                "_Resp_": 5.804749340369393,
                "_CumResp_": 94.1952506596306,
                "_PctResp_": 14.56953642384106,
                "_CumPctResp_": 56.4873417721519,
                "_Lift_": 0.7561550961924898,
                "_CumLift_": 2.9316781336628703
            },
            "rowNumber": 9
        },
        {
            "dataMap": {
                "_DataRole_": "TEST",
                "_PartInd_": 2,
                "_PartInd__f": "           2",
                "_Column_": "BAD",
                "_Event_": "1",
                "_Depth_": 47.6359938993391,
                "_NObs_": 305,
                "_Gain_": 12,
                "_Resp_": 3.16622691292876,
                "_CumResp_": 97.36147757255937,
                "_PctResp_": 3.934426229508197,
                "_CumPctResp_": 39.38100320170758,
                "_Lift_": 0.20419568320429085,
                "_CumLift_": 2.043863675402607
            },
            "rowNumber": 10
        },
        {
            "dataMap": {
                "_DataRole_": "TEST",
                "_PartInd_": 2,
                "_PartInd__f": "           2",
                "_Column_": "BAD",
                "_Event_": "1",
                "_Depth_": 100.0,
                "_NObs_": 1030,
                "_Gain_": 10,
                "_Resp_": 2.638522427440633,
                "_CumResp_": 100.0,
                "_PctResp_": 0.9708737864077669,
                "_CumPctResp_": 19.267920691408236,
                "_Lift_": 0.05038809334733714,
                "_CumLift_": 1.0
            },
            "rowNumber": 11
        }
    ],
    "version": 1,
    "xInteger": false,
    "yInteger": false
}