{
    "name": "dmcas_roc",
    "revision": 0,
    "order": 0,
    "parameterMap": {
        "_DataRole_": {
            "parameter": "_DataRole_",
            "type": "char",
            "label": "Data Role",
            "length": 10,
            "order": 1,
            "values": [
                "_DataRole_"
            ],
            "preformatted": false
        },
        "_PartInd_": {
            "parameter": "_PartInd_",
            "type": "num",
            "label": "Partition Indicator",
            "length": 8,
            "order": 2,
            "values": [
                "_PartInd_"
            ],
            "preformatted": false
        },
        "_PartInd__f": {
            "parameter": "_PartInd__f",
            "type": "char",
            "label": "Formatted Partition",
            "length": 12,
            "order": 3,
            "values": [
                "_PartInd__f"
            ],
            "preformatted": false
        },
        "_Column_": {
            "parameter": "_Column_",
            "type": "num",
            "label": "Analysis Variable",
            "length": 32,
            "order": 4,
            "values": [
                "_Column_"
            ],
            "preformatted": false
        },
        "_Event_": {
            "parameter": "_Event_",
            "type": "char",
            "label": "Event",
            "length": 8,
            "order": 5,
            "values": [
                "_Event_"
            ],
            "preformatted": false
        },
        "_Cutoff_": {
            "parameter": "_Cutoff_",
            "type": "num",
            "label": "Cutoff",
            "length": 8,
            "order": 6,
            "values": [
                "_Cutoff_"
            ],
            "preformatted": false
        },
        "_Sensitivity_": {
            "parameter": "_Sensitivity_",
            "type": "num",
            "label": "Sensitivity",
            "length": 8,
            "order": 7,
            "values": [
                "_Sensitivity_"
            ],
            "preformatted": false
        },
        "_Specificity_": {
            "parameter": "_Specificity_",
            "type": "num",
            "label": "Specificity",
            "length": 8,
            "order": 8,
            "values": [
                "_Specificity_"
            ],
            "preformatted": false
        },
        "_FPR_": {
            "parameter": "_FPR_",
            "type": "num",
            "label": "False Positive Rate",
            "length": 8,
            "order": 9,
            "values": [
                "_FPR_"
            ],
            "preformatted": false
        },
        "_OneMinusSpecificity_": {
            "parameter": "_OneMinusSpecificity_",
            "type": "num",
            "label": "1 - Specificity",
            "length": 8,
            "order": 10,
            "values": [
                "_OneMinusSpecificity_"
            ],
            "preformatted": false
        }
    },
    "data": [
        {
            "dataMap": {
                "_DataRole_": "TRAIN",
                "_PartInd_": 1,
                "_PartInd__f": "           1",
                "_Column_": "BAD",
                "_Event_": "1",
                "_Cutoff_": 1.0,
                "_Sensitivity_": 0.0,
                "_Specificity_": 1.0,
                "_FPR_": 0.0,
                "_OneMinusSpecificity_": 0.0
            },
            "rowNumber": 1
        },
        {
            "dataMap": {
                "_DataRole_": "TRAIN",
                "_PartInd_": 1,
                "_PartInd__f": "           1",
                "_Column_": "BAD",
                "_Event_": "1",
                "_Cutoff_": 1.0,
                "_Sensitivity_": 0.2839657282741738,
                "_Specificity_": 1.0,
                "_FPR_": 0.0,
                "_OneMinusSpecificity_": 0.0
            },
            "rowNumber": 2
        },
        {
            "dataMap": {
                "_DataRole_": "TRAIN",
                "_PartInd_": 1,
                "_PartInd__f": "           1",
                "_Column_": "BAD",
                "_Event_": "1",
                "_Cutoff_": 0.9,
                "_Sensitivity_": 0.5740514075887393,
                "_Specificity_": 1.0,
                "_FPR_": 0.0,
                "_OneMinusSpecificity_": 0.0
            },
            "rowNumber": 3
        },
        {
            "dataMap": {
                "_DataRole_": "TRAIN",
                "_PartInd_": 1,
                "_PartInd__f": "           1",
                "_Column_": "BAD",
                "_Event_": "1",
                "_Cutoff_": 0.8,
                "_Sensitivity_": 0.7943696450428397,
                "_Specificity_": 1.0,
                "_FPR_": 0.0,
                "_OneMinusSpecificity_": 0.0
            },
            "rowNumber": 4
        },
        {
            "dataMap": {
                "_DataRole_": "TRAIN",
                "_PartInd_": 1,
                "_PartInd__f": "           1",
                "_Column_": "BAD",
                "_Event_": "1",
                "_Cutoff_": 0.7,
                "_Sensitivity_": 0.9094247246022031,
                "_Specificity_": 0.9996851385390428,
                "_FPR_": 0.00031486146095717883,
                "_OneMinusSpecificity_": 0.00031486146095717883
            },
            "rowNumber": 5
        },
        {
            "dataMap": {
                "_DataRole_": "TRAIN",
                "_PartInd_": 1,
                "_PartInd__f": "           1",
                "_Column_": "BAD",
                "_Event_": "1",
                "_Cutoff_": 0.6,
                "_Sensitivity_": 0.9694002447980417,
                "_Specificity_": 0.9990554156171285,
                "_FPR_": 0.0009445843828715365,
                "_OneMinusSpecificity_": 0.0009445843828715365
            },
            "rowNumber": 6
        },
        {
            "dataMap": {
                "_DataRole_": "TRAIN",
                "_PartInd_": 1,
                "_PartInd__f": "           1",
                "_Column_": "BAD",
                "_Event_": "1",
                "_Cutoff_": 0.5,
                "_Sensitivity_": 0.9938800489596084,
                "_Specificity_": 0.9981108312342569,
                "_FPR_": 0.001889168765743073,
                "_OneMinusSpecificity_": 0.001889168765743073
            },
            "rowNumber": 7
        },
        {
            "dataMap": {
                "_DataRole_": "TRAIN",
                "_PartInd_": 1,
                "_PartInd__f": "           1",
                "_Column_": "BAD",
                "_Event_": "1",
                "_Cutoff_": 0.4,
                "_Sensitivity_": 0.9987760097919217,
                "_Specificity_": 0.993073047858942,
                "_FPR_": 0.0069269521410579345,
                "_OneMinusSpecificity_": 0.0069269521410579345
            },
            "rowNumber": 8
        },
        {
            "dataMap": {
                "_DataRole_": "TRAIN",
                "_PartInd_": 1,
                "_PartInd__f": "           1",
                "_Column_": "BAD",
                "_Event_": "1",
                "_Cutoff_": 0.3,
                "_Sensitivity_": 1.0,
                "_Specificity_": 0.9779596977329975,
                "_FPR_": 0.02204030226700252,
                "_OneMinusSpecificity_": 0.02204030226700252
            },
            "rowNumber": 9
        },
        {
            "dataMap": {
                "_DataRole_": "TRAIN",
                "_PartInd_": 1,
                "_PartInd__f": "           1",
                "_Column_": "BAD",
                "_Event_": "1",
                "_Cutoff_": 0.2,
                "_Sensitivity_": 1.0,
                "_Specificity_": 0.940176322418136,
                "_FPR_": 0.05982367758186398,
                "_OneMinusSpecificity_": 0.05982367758186398
            },
            "rowNumber": 10
        },
        {
            "dataMap": {
                "_DataRole_": "TRAIN",
                "_PartInd_": 1,
                "_PartInd__f": "           1",
                "_Column_": "BAD",
                "_Event_": "1",
                "_Cutoff_": 0.1,
                "_Sensitivity_": 1.0,
                "_Specificity_": 0.801007556675063,
                "_FPR_": 0.19899244332493704,
                "_OneMinusSpecificity_": 0.19899244332493704
            },
            "rowNumber": 11
        },
        {
            "dataMap": {
                "_DataRole_": "TRAIN",
                "_PartInd_": 1,
                "_PartInd__f": "           1",
                "_Column_": "BAD",
                "_Event_": "1",
                "_Cutoff_": 0.0,
                "_Sensitivity_": 1.0,
                "_Specificity_": 0.0,
                "_FPR_": 1.0,
                "_OneMinusSpecificity_": 1.0
            },
            "rowNumber": 12
        },
        {
            "dataMap": {
                "_DataRole_": "TEST",
                "_PartInd_": 2,
                "_PartInd__f": "           1",
                "_Column_": "BAD",
                "_Event_": "1",
                "_Cutoff_": 1.0,
                "_Sensitivity_": 0.0,
                "_Specificity_": 1.0,
                "_FPR_": 0.0,
                "_OneMinusSpecificity_": 0.0
            },
            "rowNumber": 13
        },
        {
            "dataMap": {
                "_DataRole_": "TEST",
                "_PartInd_": 2,
                "_PartInd__f": "           1",
                "_Column_": "BAD",
                "_Event_": "1",
                "_Cutoff_": 1.0,
                "_Sensitivity_": 0.051075268817204304,
                "_Specificity_": 1.0,
                "_FPR_": 0.0,
                "_OneMinusSpecificity_": 0.0
            },
            "rowNumber": 14
        },
        {
            "dataMap": {
                "_DataRole_": "TEST",
                "_PartInd_": 2,
                "_PartInd__f": "           1",
                "_Column_": "BAD",
                "_Event_": "1",
                "_Cutoff_": 0.9,
                "_Sensitivity_": 0.17204301075268819,
                "_Specificity_": 0.9993730407523511,
                "_FPR_": 0.0006269592476489029,
                "_OneMinusSpecificity_": 0.0006269592476489029
            },
            "rowNumber": 15
        },
        {
            "dataMap": {
                "_DataRole_": "TEST",
                "_PartInd_": 2,
                "_PartInd__f": "           1",
                "_Column_": "BAD",
                "_Event_": "1",
                "_Cutoff_": 0.8,
                "_Sensitivity_": 0.3333333333333333,
                "_Specificity_": 0.9968652037617555,
                "_FPR_": 0.003134796238244514,
                "_OneMinusSpecificity_": 0.003134796238244514
            },
            "rowNumber": 16
        },
        {
            "dataMap": {
                "_DataRole_": "TEST",
                "_PartInd_": 2,
                "_PartInd__f": "           1",
                "_Column_": "BAD",
                "_Event_": "1",
                "_Cutoff_": 0.7,
                "_Sensitivity_": 0.4731182795698925,
                "_Specificity_": 0.9949843260188088,
                "_FPR_": 0.005015673981191223,
                "_OneMinusSpecificity_": 0.005015673981191223
            },
            "rowNumber": 17
        },
        {
            "dataMap": {
                "_DataRole_": "TEST",
                "_PartInd_": 2,
                "_PartInd__f": "           1",
                "_Column_": "BAD",
                "_Event_": "1",
                "_Cutoff_": 0.6,
                "_Sensitivity_": 0.6344086021505376,
                "_Specificity_": 0.9862068965517241,
                "_FPR_": 0.013793103448275862,
                "_OneMinusSpecificity_": 0.013793103448275862
            },
            "rowNumber": 18
        },
        {
            "dataMap": {
                "_DataRole_": "TEST",
                "_PartInd_": 2,
                "_PartInd__f": "           1",
                "_Column_": "BAD",
                "_Event_": "1",
                "_Cutoff_": 0.5,
                "_Sensitivity_": 0.7311827956989247,
                "_Specificity_": 0.9730407523510972,
                "_FPR_": 0.026959247648902823,
                "_OneMinusSpecificity_": 0.026959247648902823
            },
            "rowNumber": 19
        },
        {
            "dataMap": {
                "_DataRole_": "TEST",
                "_PartInd_": 2,
                "_PartInd__f": "           1",
                "_Column_": "BAD",
                "_Event_": "1",
                "_Cutoff_": 0.4,
                "_Sensitivity_": 0.793010752688172,
                "_Specificity_": 0.9542319749216301,
                "_FPR_": 0.045768025078369905,
                "_OneMinusSpecificity_": 0.045768025078369905
            },
            "rowNumber": 20
        },
        {
            "dataMap": {
                "_DataRole_": "TEST",
                "_PartInd_": 2,
                "_PartInd__f": "           1",
                "_Column_": "BAD",
                "_Event_": "1",
                "_Cutoff_": 0.3,
                "_Sensitivity_": 0.8736559139784946,
                "_Specificity_": 0.9184952978056427,
                "_FPR_": 0.08150470219435736,
                "_OneMinusSpecificity_": 0.08150470219435736
            },
            "rowNumber": 21
        },
        {
            "dataMap": {
                "_DataRole_": "TEST",
                "_PartInd_": 2,
                "_PartInd__f": "           1",
                "_Column_": "BAD",
                "_Event_": "1",
                "_Cutoff_": 0.2,
                "_Sensitivity_": 0.9301075268817204,
                "_Specificity_": 0.8495297805642633,
                "_FPR_": 0.15047021943573669,
                "_OneMinusSpecificity_": 0.15047021943573669
            },
            "rowNumber": 22
        },
        {
            "dataMap": {
                "_DataRole_": "TEST",
                "_PartInd_": 2,
                "_PartInd__f": "           1",
                "_Column_": "BAD",
                "_Event_": "1",
                "_Cutoff_": 0.1,
                "_Sensitivity_": 0.9865591397849462,
                "_Specificity_": 0.6601880877742947,
                "_FPR_": 0.33981191222570534,
                "_OneMinusSpecificity_": 0.33981191222570534
            },
            "rowNumber": 23
        },
        {
            "dataMap": {
                "_DataRole_": "TEST",
                "_PartInd_": 2,
                "_PartInd__f": "           1",
                "_Column_": "BAD",
                "_Event_": "1",
                "_Cutoff_": 0.0,
                "_Sensitivity_": 1.0,
                "_Specificity_": 0.0,
                "_FPR_": 1.0,
                "_OneMinusSpecificity_": 1.0
            },
            "rowNumber": 24
        }
    ],
    "version": 1,
    "xInteger": false,
    "yInteger": false
}