{
    "name": "dmcas_lift",
    "revision": 0,
    "order": 0,
    "parameterMap": {
        "_DataRole_": {
            "parameter": "_DataRole_",
            "type": "char",
            "label": "Data Role",
            "length": 10,
            "order": 1,
            "values": [
                "_DataRole_"
            ],
            "preformatted": false
        },
        "_PartInd_": {
            "parameter": "_PartInd_",
            "type": "num",
            "label": "Partition Indicator",
            "length": 8,
            "order": 2,
            "values": [
                "_PartInd_"
            ],
            "preformatted": false
        },
        "_PartInd__f": {
            "parameter": "_PartInd__f",
            "type": "char",
            "label": "Formatted Partition",
            "length": 12,
            "order": 3,
            "values": [
                "_PartInd__f"
            ],
            "preformatted": false
        },
        "_Column_": {
            "parameter": "_Column_",
            "type": "char",
            "label": "Analysis Variable",
            "length": 32,
            "order": 4,
            "values": [
                "_Column_"
            ],
            "preformatted": false
        },
        "_Event_": {
            "parameter": "_Event_",
            "type": "char",
            "label": "Event",
            "length": 8,
            "order": 5,
            "values": [
                "_Event_"
            ],
            "preformatted": false
        },
        "_Depth_": {
            "parameter": "_Depth_",
            "type": "num",
            "label": "Depth",
            "length": 8,
            "order": 7,
            "values": [
                "_Depth_"
            ],
            "preformatted": false
        },
        "_NObs_": {
            "parameter": "_NObs_",
            "type": "num",
            "label": "Sum of Frequencies",
            "length": 8,
            "order": 8,
            "values": [
                "_NObs_"
            ],
            "preformatted": false
        },
        "_Gain_": {
            "parameter": "_Gain_",
            "type": "num",
            "label": "Gain",
            "length": 8,
            "order": 9,
            "values": [
                "_Gain_"
            ],
            "preformatted": false
        },
        "_Resp_": {
            "parameter": "_Resp_",
            "type": "num",
            "label": "% Captured Response",
            "length": 8,
            "order": 10,
            "values": [
                "_Resp_"
            ],
            "preformatted": false
        },
        "_CumResp_": {
            "parameter": "_CumResp_",
            "type": "num",
            "label": "Cumulative % Captured Response",
            "length": 8,
            "order": 11,
            "values": [
                "_CumResp_"
            ],
            "preformatted": false
        },
        "_PctResp_": {
            "parameter": "_PctResp_",
            "type": "num",
            "label": "% Response",
            "length": 8,
            "order": 12,
            "values": [
                "_PctResp_"
            ],
            "preformatted": false
        },
        "_CumPctResp_": {
            "parameter": "_CumPctResp_",
            "type": "num",
            "label": "Cumulative % Response",
            "length": 8,
            "order": 13,
            "values": [
                "_CumPctResp_"
            ],
            "preformatted": false
        },
        "_Lift_": {
            "parameter": "_Lift_",
            "type": "num",
            "label": "Lift",
            "length": 8,
            "order": 14,
            "values": [
                "_Lift_"
            ],
            "preformatted": false
        },
        "_CumLift_": {
            "parameter": "_CumLift_",
            "type": "num",
            "label": "Cumulative Lift",
            "length": 8,
            "order": 15,
            "values": [
                "_CumLift_"
            ],
            "preformatted": false
        }
    },
    "data": [
        {
            "dataMap": {
                "_DataRole_": "TRAIN",
                "_PartInd_": 1,
                "_PartInd__f": "           1",
                "_Column_": "BAD",
                "_Event_": "1",
                "_Depth_": 5.810167793638868,
                "_NObs_": 232,
                "_Gain_": 232,
                "_Resp_": 28.396572827417383,
                "_CumResp_": 28.396572827417383,
                "_PctResp_": 100.0,
                "_CumPctResp_": 100.0,
                "_Lift_": 4.887392900856793,
                "_CumLift_": 4.887392900856793
            },
            "rowNumber": 1
        },
        {
            "dataMap": {
                "_DataRole_": "TRAIN",
                "_PartInd_": 1,
                "_PartInd__f": "           1",
                "_Column_": "BAD",
                "_Event_": "1",
                "_Depth_": 19.90984222389181,
                "_NObs_": 563,
                "_Gain_": 560,
                "_Resp_": 68.54345165238678,
                "_CumResp_": 96.94002447980417,
                "_PctResp_": 99.46714031971581,
                "_CumPctResp_": 99.62264150943396,
                "_Lift_": 4.861349954671055,
                "_CumLift_": 4.868949908778088
            },
            "rowNumber": 2
        },
        {
            "dataMap": {
                "_DataRole_": "TRAIN",
                "_PartInd_": 1,
                "_PartInd__f": "           1",
                "_Column_": "BAD",
                "_Event_": "1",
                "_Depth_": 25.219133483596295,
                "_NObs_": 212,
                "_Gain_": 25,
                "_Resp_": 3.0599755201958385,
                "_CumResp_": 100.0,
                "_PctResp_": 11.79245283018868,
                "_CumPctResp_": 81.13207547169812,
                "_Lift_": 0.5763435024595275,
                "_CumLift_": 3.9652432969215488
            },
            "rowNumber": 3
        },
        {
            "dataMap": {
                "_DataRole_": "TRAIN",
                "_PartInd_": 1,
                "_PartInd__f": "           1",
                "_Column_": "BAD",
                "_Event_": "1",
                "_Depth_": 36.28850488354621,
                "_NObs_": 442,
                "_Gain_": 0,
                "_Resp_": 0.0,
                "_CumResp_": 100.0,
                "_PctResp_": 0.0,
                "_CumPctResp_": 56.38371290545203,
                "_Lift_": 0.0,
                "_CumLift_": 2.755693581780538
            },
            "rowNumber": 4
        },
        {
            "dataMap": {
                "_DataRole_": "TRAIN",
                "_PartInd_": 1,
                "_PartInd__f": "           1",
                "_Column_": "BAD",
                "_Event_": "1",
                "_Depth_": 100.0,
                "_NObs_": 2544,
                "_Gain_": 0,
                "_Resp_": 0.0,
                "_CumResp_": 100.0,
                "_PctResp_": 0.0,
                "_CumPctResp_": 20.460806411219636,
                "_Lift_": 0.0,
                "_CumLift_": 1.0
            },
            "rowNumber": 5
        },
        {
            "dataMap": {
                "_DataRole_": "TEST",
                "_PartInd_": 2,
                "_PartInd__f": "           2",
                "_Column_": "BAD",
                "_Event_": "1",
                "_Depth_": 9.354346720894764,
                "_NObs_": 184,
                "_Gain_": 176,
                "_Resp_": 47.31182795698925,
                "_CumResp_": 47.31182795698925,
                "_PctResp_": 95.65217391304348,
                "_CumPctResp_": 95.65217391304348,
                "_Lift_": 5.057737260402057,
                "_CumLift_": 5.057737260402057
            },
            "rowNumber": 6
        },
        {
            "dataMap": {
                "_DataRole_": "TEST",
                "_PartInd_": 2,
                "_PartInd__f": "           2",
                "_Column_": "BAD",
                "_Event_": "1",
                "_Depth_": 18.708693441789528,
                "_NObs_": 184,
                "_Gain_": 119,
                "_Resp_": 31.989247311827956,
                "_CumResp_": 79.3010752688172,
                "_PctResp_": 64.67391304347827,
                "_CumPctResp_": 80.16304347826086,
                "_Lift_": 3.4197200794763907,
                "_CumLift_": 4.238728669939223
            },
            "rowNumber": 7
        },
        {
            "dataMap": {
                "_DataRole_": "TEST",
                "_PartInd_": 2,
                "_PartInd__f": "           2",
                "_Column_": "BAD",
                "_Event_": "1",
                "_Depth_": 29.791560752414846,
                "_NObs_": 218,
                "_Gain_": 51,
                "_Resp_": 13.709677419354838,
                "_CumResp_": 93.01075268817203,
                "_PctResp_": 23.394495412844037,
                "_CumPctResp_": 59.044368600682596,
                "_Lift_": 1.2370153891683928,
                "_CumLift_": 3.122050350471577
            },
            "rowNumber": 8
        },
        {
            "dataMap": {
                "_DataRole_": "TEST",
                "_PartInd_": 2,
                "_PartInd__f": "           2",
                "_Column_": "BAD",
                "_Event_": "1",
                "_Depth_": 46.21250635485511,
                "_NObs_": 323,
                "_Gain_": 21,
                "_Resp_": 5.64516129032258,
                "_CumResp_": 98.65591397849462,
                "_PctResp_": 6.5015479876160995,
                "_CumPctResp_": 40.374037403740374,
                "_Lift_": 0.34377808848496955,
                "_CumLift_": 2.134831493902078
            },
            "rowNumber": 9
        },
        {
            "dataMap": {
                "_DataRole_": "TEST",
                "_PartInd_": 2,
                "_PartInd__f": "           2",
                "_Column_": "BAD",
                "_Event_": "1",
                "_Depth_": 100.0,
                "_NObs_": 1058,
                "_Gain_": 5,
                "_Resp_": 1.3440860215053763,
                "_CumResp_": 100.0,
                "_PctResp_": 0.4725897920604915,
                "_CumPctResp_": 18.91204880528724,
                "_Lift_": 0.0249888204565319,
                "_CumLift_": 1.0
            },
            "rowNumber": 10
        }
    ],
    "version": 1,
    "xInteger": false,
    "yInteger": false
}