{
    "name": "dmcas_lift",
    "revision": 0,
    "order": 0,
    "parameterMap": {
        "_DataRole_": {
            "parameter": "_DataRole_",
            "type": "char",
            "label": "Data Role",
            "length": 10,
            "order": 1,
            "values": [
                "_DataRole_"
            ],
            "preformatted": false
        },
        "_PartInd_": {
            "parameter": "_PartInd_",
            "type": "num",
            "label": "Partition Indicator",
            "length": 8,
            "order": 2,
            "values": [
                "_PartInd_"
            ],
            "preformatted": false
        },
        "_PartInd__f": {
            "parameter": "_PartInd__f",
            "type": "char",
            "label": "Formatted Partition",
            "length": 12,
            "order": 3,
            "values": [
                "_PartInd__f"
            ],
            "preformatted": false
        },
        "_Column_": {
            "parameter": "_Column_",
            "type": "char",
            "label": "Analysis Variable",
            "length": 32,
            "order": 4,
            "values": [
                "_Column_"
            ],
            "preformatted": false
        },
        "_Event_": {
            "parameter": "_Event_",
            "type": "char",
            "label": "Event",
            "length": 8,
            "order": 5,
            "values": [
                "_Event_"
            ],
            "preformatted": false
        },
        "_Depth_": {
            "parameter": "_Depth_",
            "type": "num",
            "label": "Depth",
            "length": 8,
            "order": 7,
            "values": [
                "_Depth_"
            ],
            "preformatted": false
        },
        "_NObs_": {
            "parameter": "_NObs_",
            "type": "num",
            "label": "Sum of Frequencies",
            "length": 8,
            "order": 8,
            "values": [
                "_NObs_"
            ],
            "preformatted": false
        },
        "_Gain_": {
            "parameter": "_Gain_",
            "type": "num",
            "label": "Gain",
            "length": 8,
            "order": 9,
            "values": [
                "_Gain_"
            ],
            "preformatted": false
        },
        "_Resp_": {
            "parameter": "_Resp_",
            "type": "num",
            "label": "% Captured Response",
            "length": 8,
            "order": 10,
            "values": [
                "_Resp_"
            ],
            "preformatted": false
        },
        "_CumResp_": {
            "parameter": "_CumResp_",
            "type": "num",
            "label": "Cumulative % Captured Response",
            "length": 8,
            "order": 11,
            "values": [
                "_CumResp_"
            ],
            "preformatted": false
        },
        "_PctResp_": {
            "parameter": "_PctResp_",
            "type": "num",
            "label": "% Response",
            "length": 8,
            "order": 12,
            "values": [
                "_PctResp_"
            ],
            "preformatted": false
        },
        "_CumPctResp_": {
            "parameter": "_CumPctResp_",
            "type": "num",
            "label": "Cumulative % Response",
            "length": 8,
            "order": 13,
            "values": [
                "_CumPctResp_"
            ],
            "preformatted": false
        },
        "_Lift_": {
            "parameter": "_Lift_",
            "type": "num",
            "label": "Lift",
            "length": 8,
            "order": 14,
            "values": [
                "_Lift_"
            ],
            "preformatted": false
        },
        "_CumLift_": {
            "parameter": "_CumLift_",
            "type": "num",
            "label": "Cumulative Lift",
            "length": 8,
            "order": 15,
            "values": [
                "_CumLift_"
            ],
            "preformatted": false
        }
    },
    "data": [
        {
            "dataMap": {
                "_DataRole_": "TRAIN",
                "_PartInd_": 1,
                "_PartInd__f": "           1",
                "_Column_": "BAD",
                "_Event_": "1",
                "_Depth_": 6.235912847483095,
                "_NObs_": 249,
                "_Gain_": 249,
                "_Resp_": 30.47735618115055,
                "_CumResp_": 30.47735618115055,
                "_PctResp_": 100.0,
                "_CumPctResp_": 100.0,
                "_Lift_": 4.887392900856793,
                "_CumLift_": 4.887392900856793
            },
            "rowNumber": 1
        },
        {
            "dataMap": {
                "_DataRole_": "TRAIN",
                "_PartInd_": 1,
                "_PartInd__f": "           1",
                "_Column_": "BAD",
                "_Event_": "1",
                "_Depth_": 19.834710743801654,
                "_NObs_": 543,
                "_Gain_": 542,
                "_Resp_": 66.34026927784578,
                "_CumResp_": 96.81762545899633,
                "_PctResp_": 99.8158379373849,
                "_CumPctResp_": 99.87373737373737,
                "_Lift_": 4.878392177282471,
                "_CumLift_": 4.881221950224398
            },
            "rowNumber": 2
        },
        {
            "dataMap": {
                "_DataRole_": "TRAIN",
                "_PartInd_": 1,
                "_PartInd__f": "           1",
                "_Column_": "BAD",
                "_Event_": "1",
                "_Depth_": 25.169045830202858,
                "_NObs_": 213,
                "_Gain_": 26,
                "_Resp_": 3.182374541003672,
                "_CumResp_": 100.0,
                "_PctResp_": 12.206572769953052,
                "_CumPctResp_": 81.29353233830847,
                "_Lift_": 0.5965831709966039,
                "_CumLift_": 3.973134328358209
            },
            "rowNumber": 3
        },
        {
            "dataMap": {
                "_DataRole_": "TRAIN",
                "_PartInd_": 1,
                "_PartInd__f": "           1",
                "_Column_": "BAD",
                "_Event_": "1",
                "_Depth_": 36.38868019033308,
                "_NObs_": 448,
                "_Gain_": 0,
                "_Resp_": 0.0,
                "_CumResp_": 100.0,
                "_PctResp_": 0.0,
                "_CumPctResp_": 56.22849277357192,
                "_Lift_": 0.0,
                "_CumLift_": 2.748107364074329
            },
            "rowNumber": 4
        },
        {
            "dataMap": {
                "_DataRole_": "TRAIN",
                "_PartInd_": 1,
                "_PartInd__f": "           1",
                "_Column_": "BAD",
                "_Event_": "1",
                "_Depth_": 100.0,
                "_NObs_": 2540,
                "_Gain_": 0,
                "_Resp_": 0.0,
                "_CumResp_": 100.0,
                "_PctResp_": 0.0,
                "_CumPctResp_": 20.460806411219636,
                "_Lift_": 0.0,
                "_CumLift_": 1.0
            },
            "rowNumber": 5
        },
        {
            "dataMap": {
                "_DataRole_": "TEST",
                "_PartInd_": 2,
                "_PartInd__f": "           2",
                "_Column_": "BAD",
                "_Event_": "1",
                "_Depth_": 6.609049313675648,
                "_NObs_": 130,
                "_Gain_": 127,
                "_Resp_": 34.13978494623656,
                "_CumResp_": 34.13978494623656,
                "_PctResp_": 97.6923076923077,
                "_CumPctResp_": 97.6923076923077,
                "_Lift_": 5.165612076095947,
                "_CumLift_": 5.165612076095947
            },
            "rowNumber": 6
        },
        {
            "dataMap": {
                "_DataRole_": "TEST",
                "_PartInd_": 2,
                "_PartInd__f": "           2",
                "_Column_": "BAD",
                "_Event_": "1",
                "_Depth_": 19.064565327910525,
                "_NObs_": 245,
                "_Gain_": 163,
                "_Resp_": 43.81720430107527,
                "_CumResp_": 77.95698924731182,
                "_PctResp_": 66.53061224489795,
                "_CumPctResp_": 77.33333333333333,
                "_Lift_": 3.5178955453148992,
                "_CumLift_": 4.089103942652329
            },
            "rowNumber": 7
        },
        {
            "dataMap": {
                "_DataRole_": "TEST",
                "_PartInd_": 2,
                "_PartInd__f": "           2",
                "_Column_": "BAD",
                "_Event_": "1",
                "_Depth_": 24.40264361972547,
                "_NObs_": 105,
                "_Gain_": 39,
                "_Resp_": 10.483870967741936,
                "_CumResp_": 88.44086021505376,
                "_PctResp_": 37.142857142857146,
                "_CumPctResp_": 68.54166666666667,
                "_Lift_": 1.9639784946236558,
                "_CumLift_": 3.624232750896057
            },
            "rowNumber": 8
        },
        {
            "dataMap": {
                "_DataRole_": "TEST",
                "_PartInd_": 2,
                "_PartInd__f": "           2",
                "_Column_": "BAD",
                "_Event_": "1",
                "_Depth_": 31.469242501270973,
                "_NObs_": 139,
                "_Gain_": 17,
                "_Resp_": 4.56989247311828,
                "_CumResp_": 93.01075268817203,
                "_PctResp_": 12.23021582733813,
                "_CumPctResp_": 55.896607431340875,
                "_Lift_": 0.646689100332637,
                "_CumLift_": 2.9556082477808463
            },
            "rowNumber": 9
        },
        {
            "dataMap": {
                "_DataRole_": "TEST",
                "_PartInd_": 2,
                "_PartInd__f": "           2",
                "_Column_": "BAD",
                "_Event_": "1",
                "_Depth_": 47.22928317234367,
                "_NObs_": 310,
                "_Gain_": 17,
                "_Resp_": 4.56989247311828,
                "_CumResp_": 97.58064516129032,
                "_PctResp_": 5.483870967741936,
                "_CumPctResp_": 39.07427341227126,
                "_Lift_": 0.2899670482136663,
                "_CumLift_": 2.0661047258585366
            },
            "rowNumber": 10
        },
        {
            "dataMap": {
                "_DataRole_": "TEST",
                "_PartInd_": 2,
                "_PartInd__f": "           2",
                "_Column_": "BAD",
                "_Event_": "1",
                "_Depth_": 100.0,
                "_NObs_": 1038,
                "_Gain_": 9,
                "_Resp_": 2.4193548387096775,
                "_CumResp_": 100.0,
                "_PctResp_": 0.8670520231213872,
                "_CumPctResp_": 18.91204880528724,
                "_Lift_": 0.04584654111504754,
                "_CumLift_": 1.0
            },
            "rowNumber": 11
        }
    ],
    "version": 1,
    "xInteger": false,
    "yInteger": false
}