{
    "name": "dmcas_lift",
    "revision": 0,
    "order": 0,
    "parameterMap": {
        "_DataRole_": {
            "parameter": "_DataRole_",
            "type": "char",
            "label": "Data Role",
            "length": 10,
            "order": 1,
            "values": [
                "_DataRole_"
            ],
            "preformatted": false
        },
        "_PartInd_": {
            "parameter": "_PartInd_",
            "type": "num",
            "label": "Partition Indicator",
            "length": 8,
            "order": 2,
            "values": [
                "_PartInd_"
            ],
            "preformatted": false
        },
        "_PartInd__f": {
            "parameter": "_PartInd__f",
            "type": "char",
            "label": "Formatted Partition",
            "length": 12,
            "order": 3,
            "values": [
                "_PartInd__f"
            ],
            "preformatted": false
        },
        "_Column_": {
            "parameter": "_Column_",
            "type": "char",
            "label": "Analysis Variable",
            "length": 32,
            "order": 4,
            "values": [
                "_Column_"
            ],
            "preformatted": false
        },
        "_Event_": {
            "parameter": "_Event_",
            "type": "char",
            "label": "Event",
            "length": 8,
            "order": 5,
            "values": [
                "_Event_"
            ],
            "preformatted": false
        },
        "_Depth_": {
            "parameter": "_Depth_",
            "type": "num",
            "label": "Depth",
            "length": 8,
            "order": 7,
            "values": [
                "_Depth_"
            ],
            "preformatted": false
        },
        "_NObs_": {
            "parameter": "_NObs_",
            "type": "num",
            "label": "Sum of Frequencies",
            "length": 8,
            "order": 8,
            "values": [
                "_NObs_"
            ],
            "preformatted": false
        },
        "_Gain_": {
            "parameter": "_Gain_",
            "type": "num",
            "label": "Gain",
            "length": 8,
            "order": 9,
            "values": [
                "_Gain_"
            ],
            "preformatted": false
        },
        "_Resp_": {
            "parameter": "_Resp_",
            "type": "num",
            "label": "% Captured Response",
            "length": 8,
            "order": 10,
            "values": [
                "_Resp_"
            ],
            "preformatted": false
        },
        "_CumResp_": {
            "parameter": "_CumResp_",
            "type": "num",
            "label": "Cumulative % Captured Response",
            "length": 8,
            "order": 11,
            "values": [
                "_CumResp_"
            ],
            "preformatted": false
        },
        "_PctResp_": {
            "parameter": "_PctResp_",
            "type": "num",
            "label": "% Response",
            "length": 8,
            "order": 12,
            "values": [
                "_PctResp_"
            ],
            "preformatted": false
        },
        "_CumPctResp_": {
            "parameter": "_CumPctResp_",
            "type": "num",
            "label": "Cumulative % Response",
            "length": 8,
            "order": 13,
            "values": [
                "_CumPctResp_"
            ],
            "preformatted": false
        },
        "_Lift_": {
            "parameter": "_Lift_",
            "type": "num",
            "label": "Lift",
            "length": 8,
            "order": 14,
            "values": [
                "_Lift_"
            ],
            "preformatted": false
        },
        "_CumLift_": {
            "parameter": "_CumLift_",
            "type": "num",
            "label": "Cumulative Lift",
            "length": 8,
            "order": 15,
            "values": [
                "_CumLift_"
            ],
            "preformatted": false
        }
    },
    "data": [
        {
            "dataMap": {
                "_DataRole_": "TRAIN",
                "_PartInd_": 1,
                "_PartInd__f": "           1",
                "_Column_": "BAD",
                "_Event_": "1",
                "_Depth_": 5.885299273729026,
                "_NObs_": 235,
                "_Gain_": 235,
                "_Resp_": 28.76376988984088,
                "_CumResp_": 28.76376988984088,
                "_PctResp_": 100.0,
                "_CumPctResp_": 100.0,
                "_Lift_": 4.887392900856793,
                "_CumLift_": 4.887392900856793
            },
            "rowNumber": 1
        },
        {
            "dataMap": {
                "_DataRole_": "TRAIN",
                "_PartInd_": 1,
                "_PartInd__f": "           1",
                "_Column_": "BAD",
                "_Event_": "1",
                "_Depth_": 19.784623090408214,
                "_NObs_": 555,
                "_Gain_": 555,
                "_Resp_": 67.93145654834761,
                "_CumResp_": 96.6952264381885,
                "_PctResp_": 100.0,
                "_CumPctResp_": 100.0,
                "_Lift_": 4.887392900856793,
                "_CumLift_": 4.887392900856793
            },
            "rowNumber": 2
        },
        {
            "dataMap": {
                "_DataRole_": "TRAIN",
                "_PartInd_": 1,
                "_PartInd__f": "           1",
                "_Column_": "BAD",
                "_Event_": "1",
                "_Depth_": 25.720010017530683,
                "_NObs_": 237,
                "_Gain_": 27,
                "_Resp_": 3.3047735618115053,
                "_CumResp_": 100.0,
                "_PctResp_": 11.39240506329114,
                "_CumPctResp_": 79.55209347614411,
                "_Lift_": 0.556791596300141,
                "_CumLift_": 3.888023369036027
            },
            "rowNumber": 3
        },
        {
            "dataMap": {
                "_DataRole_": "TRAIN",
                "_PartInd_": 1,
                "_PartInd__f": "           1",
                "_Column_": "BAD",
                "_Event_": "1",
                "_Depth_": 36.36363636363637,
                "_NObs_": 425,
                "_Gain_": 0,
                "_Resp_": 0.0,
                "_CumResp_": 100.0,
                "_PctResp_": 0.0,
                "_CumPctResp_": 56.26721763085399,
                "_Lift_": 0.0,
                "_CumLift_": 2.7499999999999996
            },
            "rowNumber": 4
        },
        {
            "dataMap": {
                "_DataRole_": "TRAIN",
                "_PartInd_": 1,
                "_PartInd__f": "           1",
                "_Column_": "BAD",
                "_Event_": "1",
                "_Depth_": 100.0,
                "_NObs_": 2541,
                "_Gain_": 0,
                "_Resp_": 0.0,
                "_CumResp_": 100.0,
                "_PctResp_": 0.0,
                "_CumPctResp_": 20.460806411219636,
                "_Lift_": 0.0,
                "_CumLift_": 1.0
            },
            "rowNumber": 5
        },
        {
            "dataMap": {
                "_DataRole_": "TEST",
                "_PartInd_": 2,
                "_PartInd__f": "           2",
                "_Column_": "BAD",
                "_Event_": "1",
                "_Depth_": 9.71021860701576,
                "_NObs_": 191,
                "_Gain_": 179,
                "_Resp_": 48.11827956989247,
                "_CumResp_": 48.11827956989247,
                "_PctResp_": 93.717277486911,
                "_CumPctResp_": 93.717277486911,
                "_Lift_": 4.955427011203063,
                "_CumLift_": 4.955427011203063
            },
            "rowNumber": 6
        },
        {
            "dataMap": {
                "_DataRole_": "TEST",
                "_PartInd_": 2,
                "_PartInd__f": "           2",
                "_Column_": "BAD",
                "_Event_": "1",
                "_Depth_": 19.217081850533805,
                "_NObs_": 187,
                "_Gain_": 112,
                "_Resp_": 30.107526881720432,
                "_CumResp_": 78.2258064516129,
                "_PctResp_": 59.893048128342244,
                "_CumPctResp_": 76.98412698412699,
                "_Lift_": 3.1669254211948705,
                "_CumLift_": 4.070639187574671
            },
            "rowNumber": 7
        },
        {
            "dataMap": {
                "_DataRole_": "TEST",
                "_PartInd_": 2,
                "_PartInd__f": "           2",
                "_Column_": "BAD",
                "_Event_": "1",
                "_Depth_": 22.979156075241487,
                "_NObs_": 74,
                "_Gain_": 24,
                "_Resp_": 6.451612903225806,
                "_CumResp_": 84.67741935483872,
                "_PctResp_": 32.432432432432435,
                "_CumPctResp_": 69.69026548672566,
                "_Lift_": 1.7149084568439406,
                "_CumLift_": 3.684966457322295
            },
            "rowNumber": 8
        },
        {
            "dataMap": {
                "_DataRole_": "TEST",
                "_PartInd_": 2,
                "_PartInd__f": "           2",
                "_Column_": "BAD",
                "_Event_": "1",
                "_Depth_": 30.299949161159123,
                "_NObs_": 144,
                "_Gain_": 30,
                "_Resp_": 8.064516129032258,
                "_CumResp_": 92.74193548387096,
                "_PctResp_": 20.833333333333336,
                "_CumPctResp_": 57.88590604026845,
                "_Lift_": 1.1015905017921146,
                "_CumLift_": 3.060795085516345
            },
            "rowNumber": 9
        },
        {
            "dataMap": {
                "_DataRole_": "TEST",
                "_PartInd_": 2,
                "_PartInd__f": "           2",
                "_Column_": "BAD",
                "_Event_": "1",
                "_Depth_": 45.449923741738694,
                "_NObs_": 298,
                "_Gain_": 18,
                "_Resp_": 4.838709677419355,
                "_CumResp_": 97.58064516129032,
                "_PctResp_": 6.0402684563758395,
                "_CumPctResp_": 40.604026845637584,
                "_Lift_": 0.31938731327127085,
                "_CumLift_": 2.146992494767987
            },
            "rowNumber": 10
        },
        {
            "dataMap": {
                "_DataRole_": "TEST",
                "_PartInd_": 2,
                "_PartInd__f": "           2",
                "_Column_": "BAD",
                "_Event_": "1",
                "_Depth_": 100.0,
                "_NObs_": 1073,
                "_Gain_": 9,
                "_Resp_": 2.4193548387096775,
                "_CumResp_": 100.0,
                "_PctResp_": 0.8387698042870456,
                "_CumPctResp_": 18.91204880528724,
                "_Lift_": 0.044351080780446736,
                "_CumLift_": 1.0
            },
            "rowNumber": 11
        }
    ],
    "version": 1,
    "xInteger": false,
    "yInteger": false
}