{
  "custom properties": [],
  "externalUrl": "",
  "modelVersionName": "2.0",
  "trainTable": "",
  "trainCodeType": "",
  "description": "",
  "tool": "",
  "toolVersion": "",
  "targetVariable": "BAD",
  "scoreCodeType": "python",
  "externalModelId": "",
  "createdBy": "sasdemo",
  "function": "classification",
  "eventProbVar": "",
  "modeler": "",
  "name": "dtree-py3-container",
  "modifiedTimeStamp": "2019-11-21T23:57:05 EST",
  "modifiedBy": "sasdemo",
  "id": "d392b8d6-2cba-4b96-9f9e-3d16d82b452c",
  "creationTimeStamp": "2019-11-21T21:17:57 EST",
  "targetEvent": "",
  "targetLevel": "",
  "algorithm": ""
}
